firstName,lastName,gender,wikia,seasons
Aaron,Reisberger,male,http://survivor.wikia.com/wiki/Aaron_Reisberger,15
Abi-Maria,Gomes,female,http://survivor.wikia.com/wiki/Abi-Maria_Gomes,"25, 31"
Ace,Gordon,male,http://survivor.wikia.com/wiki/Ace_Gordon,17
Adam,Gentry,male,http://survivor.wikia.com/wiki/Adam_Gentry,13
Adam,Klein,male,http://survivor.wikia.com/wiki/Adam_Klein,33
Alan,Ball,male,http://survivor.wikia.com/wiki/Alan_Ball,35
Albert,Destrade,male,http://survivor.wikia.com/wiki/Albert_Destrade,23
Alec,Christy,male,http://survivor.wikia.com/wiki/Alec_Christy,29
Alecia,Holden,female,http://survivor.wikia.com/wiki/Alecia_Holden,32
Alex,Angarita,male,http://survivor.wikia.com/wiki/Alex_Angarita,14
Alex,Bell,male,http://survivor.wikia.com/wiki/Alex_Bell,6
Alexis,Jones,female,http://survivor.wikia.com/wiki/Alexis_Jones,16
Alexis,Maxwell,female,http://survivor.wikia.com/wiki/Alexis_Maxwell,28
Ali,Elliott,female,http://survivor.wikia.com/wiki/Ali_Elliott,35
Alicia,Calaway,female,http://survivor.wikia.com/wiki/Alicia_Calaway,"2, 8"
Alicia,Rosa,female,http://survivor.wikia.com/wiki/Alicia_Rosa,24
Alina,Wilson,female,http://survivor.wikia.com/wiki/Alina_Wilson,21
Allie,Pohevitz,female,http://survivor.wikia.com/wiki/Allie_Pohevitz,26
Amanda,Kimmel,female,http://survivor.wikia.com/wiki/Amanda_Kimmel,"15, 16, 20"
Amber,Brkich,female,http://survivor.wikia.com/wiki/Amber_Brkich,"2, 8"
Ami,Cusack,female,http://survivor.wikia.com/wiki/Ami_Cusack,"9, 16"
Amy,O'Hara,female,http://survivor.wikia.com/wiki/Amy_O%27Hara,11
Andrea,Boehlke,female,http://survivor.wikia.com/wiki/Andrea_Boehlke,"22, 26, 34"
Andrew,Savage,male,http://survivor.wikia.com/wiki/Andrew_Savage,"7, 31"
Angela,Perkins,female,http://survivor.wikia.com/wiki/Angela_Perkins,36
Angie,Jakusz,female,http://survivor.wikia.com/wiki/Angie_Jakusz,10
Angie,Layton,female,http://survivor.wikia.com/wiki/Angie_Layton,25
Anna,Khait,female,http://survivor.wikia.com/wiki/Anna_Khait,32
Anthony,Robinson,male,http://survivor.wikia.com/wiki/Anthony_Robinson,14
Aras,Baskauskas,male,http://survivor.wikia.com/wiki/Aras_Baskauskas,"12, 27"
Artis,Silvester,male,http://survivor.wikia.com/wiki/Artis_Silvester,25
Ashlee,Ashby,female,http://survivor.wikia.com/wiki/Ashlee_Ashby,10
Ashley,Massaro,female,http://survivor.wikia.com/wiki/Ashley_Massaro,15
Ashley,Nolan,female,http://survivor.wikia.com/wiki/Ashley_Nolan,35
Ashley,Trainer,female,http://survivor.wikia.com/wiki/Ashley_Trainer,19
Ashley,Underwood,female,http://survivor.wikia.com/wiki/Ashley_Underwood,22
Aubry,Bracco,female,http://survivor.wikia.com/wiki/Aubry_Bracco,"32, 34"
Austin,Carty,male,http://survivor.wikia.com/wiki/Austin_Carty,12
B.B.,Andersen,male,http://survivor.wikia.com/wiki/B.B._Andersen,1
Baylor,Wilson,female,http://survivor.wikia.com/wiki/Baylor_Wilson,29
Becky,Lee,female,http://survivor.wikia.com/wiki/Becky_Lee,13
Ben,Browning,male,http://survivor.wikia.com/wiki/Ben_Browning,19
Ben,Driebergen,male,http://survivor.wikia.com/wiki/Ben_Driebergen,35
Benry,Henry,male,http://survivor.wikia.com/wiki/Benry_Henry,21
Betsy,Bolan,female,http://survivor.wikia.com/wiki/Betsy_Bolan,19
Bill,Posley,male,http://survivor.wikia.com/wiki/Bill_Posley,24
Billy,Garcia,male,http://survivor.wikia.com/wiki/Billy_Garcia,13
Blake,Towsley,male,http://survivor.wikia.com/wiki/Blake_Towsley,11
Bob,Crowley,male,http://survivor.wikia.com/wiki/Bob_Crowley,17
Bobby,Jon Drinkard,male,http://survivor.wikia.com/wiki/Bobby_Jon_Drinkard,"10, 11"
Bobby,Mason,male,http://survivor.wikia.com/wiki/Bobby_Mason,12
Boo,Bernis,male,http://survivor.wikia.com/wiki/Boo_Bernis,14
Brad,Culpepper,male,http://survivor.wikia.com/wiki/Brad_Culpepper,"27, 34"
Brad,Virata,male,http://survivor.wikia.com/wiki/Brad_Virata,13
Bradley,Kleihege,male,http://survivor.wikia.com/wiki/Bradley_Kleihege,36
Brady,Finta,male,http://survivor.wikia.com/wiki/Brady_Finta,9
Brandon,Bellinger,male,http://survivor.wikia.com/wiki/Brandon_Bellinger,11
Brandon,Hantz,male,http://survivor.wikia.com/wiki/Brandon_Hantz,"23, 26"
Brandon,Quinton,male,http://survivor.wikia.com/wiki/Brandon_Quinton,3
Brenda,Lowe,female,http://survivor.wikia.com/wiki/Brenda_Lowe,"21, 26"
Brendan,Shapiro,male,http://survivor.wikia.com/wiki/Brendan_Shapiro,36
Brendan,Synnott,female,http://survivor.wikia.com/wiki/Brendan_Synnott,18
Bret,LaBelle,male,http://survivor.wikia.com/wiki/Bret_LaBelle,33
Brett,Clouser,male,http://survivor.wikia.com/wiki/Brett_Clouser,19
Brian,Corridan,male,http://survivor.wikia.com/wiki/Brian_Corridan,11
Brian,Heidik,male,http://survivor.wikia.com/wiki/Brian_Heidik,5
Brianna,Varela,female,http://survivor.wikia.com/wiki/Brianna_Varela,11
Brice,Johnston,male,http://survivor.wikia.com/wiki/Brice_Johnston,28
Brook,Geraghty,female,http://survivor.wikia.com/wiki/Brook_Geraghty,9
Brooke,Struck,female,http://survivor.wikia.com/wiki/Brooke_Struck,11
Bruce,Kanegai,male,http://survivor.wikia.com/wiki/Bruce_Kanegai,12
Burton,Roberts,male,http://survivor.wikia.com/wiki/Burton_Roberts,7
Butch,Lockley,male,http://survivor.wikia.com/wiki/Butch_Lockley,6
Caleb,Bankston,male,http://survivor.wikia.com/wiki/Caleb_Bankston,27
Caleb,Reynolds,male,http://survivor.wikia.com/wiki/Caleb_Reynolds,"32, 34"
Candace,Smith,female,http://survivor.wikia.com/wiki/Candace_Smith,18
Candice,Woodcock,female,http://survivor.wikia.com/wiki/Candice_Woodcock,"13, 20, 27"
Cao,Boi Bui,male,http://survivor.wikia.com/wiki/Cao_Boi_Bui,13
Carl,Bilancione,male,http://survivor.wikia.com/wiki/Carl_Bilancione,3
Carolina,Eastwood,female,http://survivor.wikia.com/wiki/Carolina_Eastwood,18
Carolyn,Rivera,female,http://survivor.wikia.com/wiki/Carolyn_Rivera,30
Carter,Williams,male,http://survivor.wikia.com/wiki/Carter_Williams,25
Caryn,Groedel,female,http://survivor.wikia.com/wiki/Caryn_Groedel,10
Cassandra,Franklin,female,http://survivor.wikia.com/wiki/Cassandra_Franklin,14
CeCe,Taylor,female,http://survivor.wikia.com/wiki/CeCe_Taylor,33
Cecilia,Mansilla,female,http://survivor.wikia.com/wiki/Cecilia_Mansilla,13
Chad,Crittenden,male,http://survivor.wikia.com/wiki/Chad_Crittenden,9
Charlie,Herschel,male,http://survivor.wikia.com/wiki/Charlie_Herschel,17
Chase,Rice,male,http://survivor.wikia.com/wiki/Chase_Rice,21
Chelsea,Meissner,female,http://survivor.wikia.com/wiki/Chelsea_Meissner,24
Chelsea,Townsend,female,http://survivor.wikia.com/wiki/Chelsea_Townsend,36
Chet,Welch,male,http://survivor.wikia.com/wiki/Chet_Welch,16
Chicken,Morris,male,http://survivor.wikia.com/wiki/Chicken_Morris,15
Chris,Daugherty,male,http://survivor.wikia.com/wiki/Chris_Daugherty,9
Chris,Hammons,male,http://survivor.wikia.com/wiki/Chris_Hammons,33
Chris,Noble,male,http://survivor.wikia.com/wiki/Chris_Noble,36
Chrissy,Hofbeck,female,http://survivor.wikia.com/wiki/Chrissy_Hofbeck,35
Christa,Hastie,female,http://survivor.wikia.com/wiki/Christa_Hastie,7
Christina,Cha,female,http://survivor.wikia.com/wiki/Christina_Cha,24
Christine,Shields-Markoski,female,http://survivor.wikia.com/wiki/Christine_Shields_Markoski,23
Christy,Smith,female,http://survivor.wikia.com/wiki/Christy_Smith,6
Ciera,Eastin,female,http://survivor.wikia.com/wiki/Ciera_Eastin,"27, 31, 34"
Cindy,Hall,female,http://survivor.wikia.com/wiki/Cindy_Hall,11
Cirie,Fields,female,http://survivor.wikia.com/wiki/Cirie_Fields,"12, 16, 20, 34"
Clarence,Black,male,http://survivor.wikia.com/wiki/Clarence_Black,3
Clay,Jordan,male,http://survivor.wikia.com/wiki/Clay_Jordan,5
Cliff,Robinson,male,http://survivor.wikia.com/wiki/Cliff_Robinson,28
Coach,Wade,male,http://survivor.wikia.com/wiki/Coach_Wade,"18, 20, 23"
Coby,Archa,male,http://survivor.wikia.com/wiki/Coby_Archa,10
Colby,Donaldson,male,http://survivor.wikia.com/wiki/Colby_Donaldson,"2, 8, 20"
Cole,Medders,male,http://survivor.wikia.com/wiki/Cole_Medders,35
Colleen,Haskell,female,http://survivor.wikia.com/wiki/Colleen_Haskell,1
Colton,Cumbie,male,http://survivor.wikia.com/wiki/Colton_Cumbie,"24, 27"
Corinne,Kaplan,female,http://survivor.wikia.com/wiki/Corinne_Kaplan,"17, 26"
Courtney,Marit,female,http://survivor.wikia.com/wiki/Courtney_Marit,12
Courtney,Yates,female,http://survivor.wikia.com/wiki/Courtney_Yates,"15, 20"
Cristina,Coria,female,http://survivor.wikia.com/wiki/Cristina_Coria,13
Crystal,Cox,female,http://survivor.wikia.com/wiki/Crystal_Cox,17
Cydney,Gillon,female,http://survivor.wikia.com/wiki/Cydney_Gillon,32
Dale,Wentworth,male,http://survivor.wikia.com/wiki/Dale_Wentworth,29
Dan,Barry,male,http://survivor.wikia.com/wiki/Dan_Barry,12
Dan,Foley,male,http://survivor.wikia.com/wiki/Dan_Foley,30
Dan,Kay,male,http://survivor.wikia.com/wiki/Dan_Kay,17
Dan,Lembo,male,http://survivor.wikia.com/wiki/Dan_Lembo,21
Dana,Lambert,female,http://survivor.wikia.com/wiki/Dana_Lambert,25
Daniel,Lue,male,http://survivor.wikia.com/wiki/Daniel_Lue,6
Danielle,DiLorenzo,female,http://survivor.wikia.com/wiki/Danielle_DiLorenzo,"12, 20"
Danni,Boatwright,female,http://survivor.wikia.com/wiki/Danni_Boatwright,11
Darnell,Hamilton,male,http://survivor.wikia.com/wiki/Darnell_Hamilton,32
Darrah,Johnson,female,http://survivor.wikia.com/wiki/Darrah_Johnson,7
Dave,Ball,male,http://survivor.wikia.com/wiki/Dave_Ball,19
Dave,Cruser,male,http://survivor.wikia.com/wiki/Dave_Cruser,15
Dave,Johnson,male,http://survivor.wikia.com/wiki/Dave_Johnson,6
David,Murphy,male,http://survivor.wikia.com/wiki/David_Murphy,22
David,Samson,male,http://survivor.wikia.com/wiki/David_Samson,28
David,Wright,male,http://survivor.wikia.com/wiki/David_Wright,33
Dawn,Meehan,female,http://survivor.wikia.com/wiki/Dawn_Meehan,"23, 26"
Debb,Eaton,female,http://survivor.wikia.com/wiki/Debb_Eaton,2
Debbie,Beebe,female,http://survivor.wikia.com/wiki/Debbie_Beebe,18
Debbie,Wanner,female,http://survivor.wikia.com/wiki/Debbie_Wanner,"32, 34"
Deena,Bennett,female,http://survivor.wikia.com/wiki/Deena_Bennett,6
Denise,Martin,female,http://survivor.wikia.com/wiki/Denise_Martin,15
Denise,Stapley,female,http://survivor.wikia.com/wiki/Denise_Stapley,25
Desi,Williams,female,http://survivor.wikia.com/wiki/Desi_Williams,35
Desiree,Afuye,female,http://survivor.wikia.com/wiki/Desiree_Afuye,36
Devon,Pinto,male,http://survivor.wikia.com/wiki/Devon_Pinto,35
Diane,Ogden,female,http://survivor.wikia.com/wiki/Diane_Ogden,3
Dirk,Been,male,http://survivor.wikia.com/wiki/Dirk_Been,1
Dolly,Neely,female,http://survivor.wikia.com/wiki/Dolly_Neely,9
Domenick,Abbate,male,http://survivor.wikia.com/wiki/Domenick_Abbate,36
Donathan,Hurley,male,http://survivor.wikia.com/wiki/Donathan_Hurley,36
Dreamz,Herd,male,http://survivor.wikia.com/wiki/Dreamz_Herd,14
Drew,Christy,male,http://survivor.wikia.com/wiki/Drew_Christy,29
Earl,Cole,male,http://survivor.wikia.com/wiki/Earl_Cole,14
Eddie,Fox,male,http://survivor.wikia.com/wiki/Eddie_Fox,26
Edgardo,Rivera,male,http://survivor.wikia.com/wiki/Edgardo_Rivera,14
Edna,Ma,female,http://survivor.wikia.com/wiki/Edna_Ma,23
Elisabeth,Filarski,female,http://survivor.wikia.com/wiki/Elisabeth_Filarski,2
Eliza,Orlins,female,http://survivor.wikia.com/wiki/Eliza_Orlins,"9, 16"
Elyse,Umemoto,female,http://survivor.wikia.com/wiki/Elyse_Umemoto,23
Erica,Durousseau,female,http://survivor.wikia.com/wiki/Erica_Durousseau,14
Erik,Cardona,male,http://survivor.wikia.com/wiki/Erik_Cardona,19
Erik,Huffman,male,http://survivor.wikia.com/wiki/Erik_Huffman,15
Erik,Reichenbach,male,http://survivor.wikia.com/wiki/Erik_Reichenbach,"16, 26"
Erin,Collins,female,http://survivor.wikia.com/wiki/Erin_Collins,5
Erinn,Lobdell,female,http://survivor.wikia.com/wiki/Erinn_Lobdell,18
Ethan,Zohn,male,http://survivor.wikia.com/wiki/Ethan_Zohn,"3, 8"
Fabio,Birza,male,http://survivor.wikia.com/wiki/Fabio_Birza,21
Figgy,Figueroa,female,http://survivor.wikia.com/wiki/Figgy_Figueroa,33
Francesca,Hogi,female,http://survivor.wikia.com/wiki/Francesca_Hogi,"22, 26"
Frank,Garrison,male,http://survivor.wikia.com/wiki/Frank_Garrison,3
Frosti,Zernow,male,http://survivor.wikia.com/wiki/Frosti_Zernow,15
G.C.,Brown,male,http://survivor.wikia.com/wiki/G.C._Brown,17
Gabriel,Cade,male,http://survivor.wikia.com/wiki/Gabriel_Cade,4
Garrett,Adelstein,male,http://survivor.wikia.com/wiki/Garrett_Adelstein,28
Gary,Hogeboom,male,http://survivor.wikia.com/wiki/Gary_Hogeboom,11
Gary,Stritesky,male,http://survivor.wikia.com/wiki/Gary_Stritesky,14
Gervase,Peterson,male,http://survivor.wikia.com/wiki/Gervase_Peterson,"1, 27"
Ghandia,Johnson,female,http://survivor.wikia.com/wiki/Ghandia_Johnson,5
Gillian,Larson,female,http://survivor.wikia.com/wiki/Gillian_Larson,17
Gina,Crews,female,http://survivor.wikia.com/wiki/Gina_Crews,4
Grant,Mattos,male,http://survivor.wikia.com/wiki/Grant_Mattos,22
Greg,Buis,male,http://survivor.wikia.com/wiki/Greg_Buis,1
Gregg,Carey,male,http://survivor.wikia.com/wiki/Gregg_Carey,10
Gretchen,Cordy,female,http://survivor.wikia.com/wiki/Gretchen_Cordy,1
Hali,Ford,female,http://survivor.wikia.com/wiki/Hali_Ford,"30, 34"
Hannah,Shapiro,female,http://survivor.wikia.com/wiki/Hannah_Shapiro,33
Hayden,Moss,male,http://survivor.wikia.com/wiki/Hayden_Moss,27
Heidi,Strobel,female,http://survivor.wikia.com/wiki/Heidi_Strobel,6
Helen,Glover,female,http://survivor.wikia.com/wiki/Helen_Glover,5
Holly,Hoffman,female,http://survivor.wikia.com/wiki/Holly_Hoffman,21
Hope,Driskill,female,http://survivor.wikia.com/wiki/Hope_Driskill,26
Hunter,Ellis,male,http://survivor.wikia.com/wiki/Hunter_Ellis,4
Ian,Rosenberger,male,http://survivor.wikia.com/wiki/Ian_Rosenberger,10
Ibrehem,Rahman,male,http://survivor.wikia.com/wiki/Ibrehem_Rahman,10
J.P.,Calderon,male,http://survivor.wikia.com/wiki/J.P._Calderon,13
J.T.,Thomas,male,http://survivor.wikia.com/wiki/J.T._Thomas,"18, 20, 34"
J'Tia,Taylor,female,http://survivor.wikia.com/wiki/J%27Tia_Taylor,28
Jaclyn,Schultz,female,http://survivor.wikia.com/wiki/Jaclyn_Schultz,29
Jacob,Derwin,male,http://survivor.wikia.com/wiki/Jacob_Derwin,36
Jacquie,Berg,female,http://survivor.wikia.com/wiki/Jacquie_Berg,17
Jaime,Dugan,female,http://survivor.wikia.com/wiki/Jaime_Dugan,15
Jaison,Robinson,male,http://survivor.wikia.com/wiki/Jaison_Robinson,19
Jake,Billingsley,male,http://survivor.wikia.com/wiki/Jake_Billingsley,5
James,Clement,male,http://survivor.wikia.com/wiki/James_Clement,"15, 16, 20"
James,Lim,male,http://survivor.wikia.com/wiki/James_Lim,36
James,Miller,male,http://survivor.wikia.com/wiki/James_Miller,10
Jamie,Newton,male,http://survivor.wikia.com/wiki/Jamie_Newton,11
Jan,Gentry,female,http://survivor.wikia.com/wiki/Jan_Gentry,5
Jane,Bright,female,http://survivor.wikia.com/wiki/Jane_Bright,21
Janet,Koth,female,http://survivor.wikia.com/wiki/Janet_Koth,6
Janu,Tornell,female,http://survivor.wikia.com/wiki/Janu_Tornell,10
Jason,Siska,male,http://survivor.wikia.com/wiki/Jason_Siska,16
Jay,Byars,male,http://survivor.wikia.com/wiki/Jay_Byars,24
Jay,Starrett,male,http://survivor.wikia.com/wiki/Jay_Starrett,33
Jean-Robert,Bellande,male,http://survivor.wikia.com/wiki/Jean-Robert_Bellande,15
Jeanne,Hebert,female,http://survivor.wikia.com/wiki/Jeanne_Hebert,6
Jed,Hildebrand,male,http://survivor.wikia.com/wiki/Jed_Hildebrand,5
Jeff,Kent,male,http://survivor.wikia.com/wiki/Jeff_Kent,25
Jeff,Varner,male,http://survivor.wikia.com/wiki/Jeff_Varner,"2, 31, 34"
Jeff,Wilson,male,http://survivor.wikia.com/wiki/Jeff_Wilson,10
Jefra,Bland,female,http://survivor.wikia.com/wiki/Jefra_Bland,28
Jenn,Brown,female,http://survivor.wikia.com/wiki/Jenn_Brown,30
Jenn,Lyon,female,http://survivor.wikia.com/wiki/Jenn_Lyon,10
Jenna,Bowman,female,http://survivor.wikia.com/wiki/Jenna_Bowman,36
Jenna,Lewis,female,http://survivor.wikia.com/wiki/Jenna_Lewis,"1, 8"
Jenna,Morasca,female,http://survivor.wikia.com/wiki/Jenna_Morasca,"6, 8"
Jennifer,Lanzetti,female,http://survivor.wikia.com/wiki/Jennifer_Lanzetti,32
Jenny,Guzon-Bae,female,http://survivor.wikia.com/wiki/Jenny_Guzon-Bae,13
Jeremiah,Wood,male,http://survivor.wikia.com/wiki/Jeremiah_Wood,28
Jeremy,Collins,male,http://survivor.wikia.com/wiki/Jeremy_Collins,"29, 31"
Jerri,Manthey,female,http://survivor.wikia.com/wiki/Jerri_Manthey,"2, 8, 20"
Jerry,Sims,male,http://survivor.wikia.com/wiki/Jerry_Sims,18
Jessica,deBen,female,http://survivor.wikia.com/wiki/Jessica_deBen,14
Jessica,Johnston,female,http://survivor.wikia.com/wiki/Jessica_Johnston,35
Jessica,Lewis,female,http://survivor.wikia.com/wiki/Jessica_Lewis,33
Jessica,Smith,female,http://survivor.wikia.com/wiki/Jessica_Smith,13
Jessie,Camacho,female,http://survivor.wikia.com/wiki/Jessie_Camacho,3
Jill,Behm,female,http://survivor.wikia.com/wiki/Jill_Behm,21
Jim,Lynch,male,http://survivor.wikia.com/wiki/Jim_Lynch,11
Jim,Rice,male,http://survivor.wikia.com/wiki/Jim_Rice,23
Jimmy,Johnson,male,http://survivor.wikia.com/wiki/Jimmy_Johnson,21
Jimmy,Tarantino,male,http://survivor.wikia.com/wiki/Jimmy_Tarantino,21
Joanna,Ward,female,http://survivor.wikia.com/wiki/Joanna_Ward,6
Joaquin,Souberbielle,male,http://survivor.wikia.com/wiki/Joaquin_Souberbielle,30
Joe,Anglim,male,http://survivor.wikia.com/wiki/Joe_Anglim,"30, 31"
Joe,del Campo,male,http://survivor.wikia.com/wiki/Joe_del_Campo,32
Joe,Dowdle,male,http://survivor.wikia.com/wiki/Joe_Dowdle,18
Joe,Mena,male,http://survivor.wikia.com/wiki/Joe_Mena,35
Joel,Anderson,male,http://survivor.wikia.com/wiki/Joel_Anderson,16
Joel,Klug,male,http://survivor.wikia.com/wiki/Joel_Klug,1
John,Carroll,male,http://survivor.wikia.com/wiki/John_Carroll,4
John,Cochran,male,http://survivor.wikia.com/wiki/John_Cochran,"23, 26"
John,Cody,male,http://survivor.wikia.com/wiki/John_Cody,27
John,Fincher,male,http://survivor.wikia.com/wiki/John_Fincher,19
John,Kenney,male,http://survivor.wikia.com/wiki/John_Kenney,9
John,Palyok,male,http://survivor.wikia.com/wiki/John_Palyok,9
John,Raymond,male,http://survivor.wikia.com/wiki/John_Raymond,5
John,Rocker,male,http://survivor.wikia.com/wiki/John_Rocker,29
Jolanda,Jones,female,http://survivor.wikia.com/wiki/Jolanda_Jones,10
Jon,Dalton,male,http://survivor.wikia.com/wiki/Jon_Dalton,"7, 16"
Jon,Misch,male,http://survivor.wikia.com/wiki/Jon_Misch,29
Jonas,Otsuji,male,http://survivor.wikia.com/wiki/Jonas_Otsuji,24
Jonathan,Libby,male,http://survivor.wikia.com/wiki/Jonathan_Libby,10
Jonathan,Penner,male,http://survivor.wikia.com/wiki/Jonathan_Penner,"13, 16, 25"
Josh,Canfield,male,http://survivor.wikia.com/wiki/Josh_Canfield,29
JP,Hilsabeck,male,http://survivor.wikia.com/wiki/JP_Hilsabeck,35
Judd,Sergeant,male,http://survivor.wikia.com/wiki/Judd_Sergeant,11
Julia,Landauer,female,http://survivor.wikia.com/wiki/Julia_Landauer,26
Julia,Sokolowski,female,http://survivor.wikia.com/wiki/Julia_Sokolowski,32
Julie,Berry,female,http://survivor.wikia.com/wiki/Julie_Berry,9
Julie,McGee,female,http://survivor.wikia.com/wiki/Julie_McGee,29
Julie,Wolfe,female,http://survivor.wikia.com/wiki/Julie_Wolfe,22
Kass,McQuillen,female,http://survivor.wikia.com/wiki/Kass_McQuillen,"28, 31"
Kat,Edorsson,female,http://survivor.wikia.com/wiki/Kat_Edorsson,"24, 27"
Kathy,Sleckman,female,http://survivor.wikia.com/wiki/Kathy_Sleckman,16
Kathy,Vavrick-O'Brien,female,http://survivor.wikia.com/wiki/Kathy_Vavrick-O%27Brien,"4, 8"
Katie,Collins,female,http://survivor.wikia.com/wiki/Katie_Collins,27
Katie,Gallagher,female,http://survivor.wikia.com/wiki/Katie_Gallagher,10
Katie,Hanson,female,http://survivor.wikia.com/wiki/Katie_Hanson,25
Katrina,Radke,female,http://survivor.wikia.com/wiki/Katrina_Radke,35
Keith,Famie,male,http://survivor.wikia.com/wiki/Keith_Famie,2
Keith,Nale,male,http://survivor.wikia.com/wiki/Keith_Nale,"29, 31"
Keith,Tollefson,male,http://survivor.wikia.com/wiki/Keith_Tollefson,23
Kel,Gleason,male,http://survivor.wikia.com/wiki/Kel_Gleason,2
Kelley,Wentworth,female,http://survivor.wikia.com/wiki/Kelley_Wentworth,"29, 31"
Kelly,Bruno,female,http://survivor.wikia.com/wiki/Kelly_Bruno,21
Kelly,Czarnecki,female,http://survivor.wikia.com/wiki/Kelly_Czarnecki,17
Kelly,Goldsmith,female,http://survivor.wikia.com/wiki/Kelly_Goldsmith,3
Kelly,Remington,female,http://survivor.wikia.com/wiki/Kelly_Remington,30
Kelly,Sharbaugh,female,http://survivor.wikia.com/wiki/Kelly_Sharbaugh,19
Kelly,Shinn,female,http://survivor.wikia.com/wiki/Kelly_Shinn,21
Kelly,Wiglesworth,female,http://survivor.wikia.com/wiki/Kelly_Wiglesworth,"1, 31"
Kellyn,Bechtold,female,http://survivor.wikia.com/wiki/Kellyn_Bechtold,36
Ken,Hoang,male,http://survivor.wikia.com/wiki/Ken_Hoang,17
Ken,McNickle,male,http://survivor.wikia.com/wiki/Ken_McNickle,33
Ken,Stafford,male,http://survivor.wikia.com/wiki/Ken_Stafford,5
Kim,Johnson,female,http://survivor.wikia.com/wiki/Kim_Johnson,3
Kim,Mullen,female,http://survivor.wikia.com/wiki/Kim_Mullen,10
Kim,Powers,female,http://survivor.wikia.com/wiki/Kim_Powers,3
Kim,Spradlin,female,http://survivor.wikia.com/wiki/Kim_Spradlin,24
Kimmi,Kappenberg,female,http://survivor.wikia.com/wiki/Kimmi_Kappenberg,"2, 31"
Kourtney,Moon,female,http://survivor.wikia.com/wiki/Kourtney_Moon,24
Krista,Klumpp,female,http://survivor.wikia.com/wiki/Krista_Klumpp,22
Kristina,Kell,female,http://survivor.wikia.com/wiki/Kristina_Kell,22
Kyle,Jason,male,http://survivor.wikia.com/wiki/Kyle_Jason,32
Laura,Alexander,female,http://survivor.wikia.com/wiki/Laura_Alexander,26
Laura,Boneham,female,http://survivor.wikia.com/wiki/Laura_Boneham,27
Laura,Morett,female,http://survivor.wikia.com/wiki/Laura_Morett,"19, 27"
Laurel,Johnson,female,http://survivor.wikia.com/wiki/Laurel_Johnson,36
Lauren,Rimmer,female,http://survivor.wikia.com/wiki/Lauren_Rimmer,35
Lea,Masters,male,http://survivor.wikia.com/wiki/Lea_Masters,9
Leann,Slaby,female,http://survivor.wikia.com/wiki/Leann_Slaby,9
Leif,Manson,male,http://survivor.wikia.com/wiki/Leif_Manson,24
Leslie,Nease,female,http://survivor.wikia.com/wiki/Leslie_Nease,15
Lex,van den Berghe,male,http://survivor.wikia.com/wiki/Lex_van_den_Berghe,"3, 8"
Libby,Vincek,female,http://survivor.wikia.com/wiki/Libby_Vincek,36
Liliana,Gomez,female,http://survivor.wikia.com/wiki/Liliana_Gomez,14
Lillian,Morris,female,http://survivor.wikia.com/wiki/Lillian_Morris,7
Linda,Spencer,female,http://survivor.wikia.com/wiki/Linda_Spencer,3
Lindsey,Cascaddan,female,http://survivor.wikia.com/wiki/Lindsey_Cascaddan,30
Lindsey,Ogle,female,http://survivor.wikia.com/wiki/Lindsey_Ogle,28
Lindsey,Richter,female,http://survivor.wikia.com/wiki/Lindsey_Richter,3
Lisa,Keiffer,female,http://survivor.wikia.com/wiki/Lisa_Keiffer,9
Lisa,Whelchel,female,http://survivor.wikia.com/wiki/Lisa_Whelchel,25
Lisi,Linares,female,http://survivor.wikia.com/wiki/Lisi_Linares,14
Liz,Kim,female,http://survivor.wikia.com/wiki/Liz_Kim,19
Liz,Markham,female,http://survivor.wikia.com/wiki/Liz_Markham,32
LJ,McKanas,male,http://survivor.wikia.com/wiki/LJ_McKanas,28
Lucy,Huang,female,http://survivor.wikia.com/wiki/Lucy_Huang,33
Lydia,Morales,female,http://survivor.wikia.com/wiki/Lydia_Morales,11
Malcolm,Freberg,male,http://survivor.wikia.com/wiki/Malcolm_Freberg,"25, 26, 34"
Maralyn,Hershey,female,http://survivor.wikia.com/wiki/Maralyn_Hershey,2
Marcus,Lehman,male,http://survivor.wikia.com/wiki/Marcus_Lehman,17
Margaret,Bobonich,female,http://survivor.wikia.com/wiki/Margaret_Bobonich,11
Mari,Takahashi,female,http://survivor.wikia.com/wiki/Mari_Takahashi,33
Marisa,Calihan,female,http://survivor.wikia.com/wiki/Marisa_Calihan,19
Marissa,Peterson,female,http://survivor.wikia.com/wiki/Marissa_Peterson,27
Mark,Caruso,male,http://survivor.wikia.com/wiki/Mark_Caruso,23
Marty,Piombo,male,http://survivor.wikia.com/wiki/Marty_Piombo,21
Mary,Sartain,female,http://survivor.wikia.com/wiki/Mary_Sartain,16
Matt,Bischoff,male,http://survivor.wikia.com/wiki/Matt_Bischoff,26
Matt,Quinlan,male,http://survivor.wikia.com/wiki/Matt_Quinlan,24
Matthew,Elrod,male,http://survivor.wikia.com/wiki/Matthew_Elrod,22
Matthew,von Ertfelda,male,http://survivor.wikia.com/wiki/Matthew_von_Ertfelda,6
Matty,Whitmore,male,http://survivor.wikia.com/wiki/Matty_Whitmore,17
Max,Dawson,male,http://survivor.wikia.com/wiki/Max_Dawson,30
Melinda,Hyder,female,http://survivor.wikia.com/wiki/Melinda_Hyder,12
Mia,Galeotalanza,female,http://survivor.wikia.com/wiki/Mia_Galeotalanza,9
Michael,Jefferson,male,http://survivor.wikia.com/wiki/Michael_Jefferson,24
Michael,Skupin,male,http://survivor.wikia.com/wiki/Michael_Skupin,"2, 25"
Michael,Snow,male,http://survivor.wikia.com/wiki/Michael_Snow,26
Michael,Yerger,male,http://survivor.wikia.com/wiki/Michael_Yerger,36
Michaela,Bradshaw,female,http://survivor.wikia.com/wiki/Michaela_Bradshaw,"33, 34"
Michele,Fitzgerald,female,http://survivor.wikia.com/wiki/Michele_Fitzgerald,32
Michelle,Chase,female,http://survivor.wikia.com/wiki/Michelle_Chase,17
Michelle,Schubert,female,http://survivor.wikia.com/wiki/Michelle_Schubert,33
Michelle,Tesauro,female,http://survivor.wikia.com/wiki/Michelle_Tesauro,7
Michelle,Yi,female,http://survivor.wikia.com/wiki/Michelle_Yi,14
Mick,Trimming,male,http://survivor.wikia.com/wiki/Mick_Trimming,19
Mikayla,Wingle,female,http://survivor.wikia.com/wiki/Mikayla_Wingle,23
Mike,Borassi,male,http://survivor.wikia.com/wiki/Mike_Borassi,19
Mike,Chiesl,male,http://survivor.wikia.com/wiki/Mike_Chiesl,22
Mike,Holloway,male,http://survivor.wikia.com/wiki/Mike_Holloway,30
Mike,Zahalsky,male,http://survivor.wikia.com/wiki/Mike_Zahalsky,35
Mikey,Bortone,male,http://survivor.wikia.com/wiki/Mikey_Bortone,16
Missy,Payne,female,http://survivor.wikia.com/wiki/Missy_Payne,29
Misty,Giles,female,http://survivor.wikia.com/wiki/Misty_Giles,12
Mitchell,Olson,male,http://survivor.wikia.com/wiki/Mitchell_Olson,2
Monica,Culpepper,female,http://survivor.wikia.com/wiki/Monica_Culpepper,"24, 27"
Monica,Padilla,female,http://survivor.wikia.com/wiki/Monica_Padilla,"19, 31"
Mookie,Lee,male,http://survivor.wikia.com/wiki/Mookie_Lee,14
Morgan,McDevitt,female,http://survivor.wikia.com/wiki/Morgan_McDevitt,11
Morgan,McLeod,female,http://survivor.wikia.com/wiki/Morgan_McLeod,28
Morgan,Ricke,female,http://survivor.wikia.com/wiki/Morgan_Ricke,36
Nadiya,Anderson,female,http://survivor.wikia.com/wiki/Nadiya_Anderson,29
NaOnka,Mixon,female,http://survivor.wikia.com/wiki/NaOnka_Mixon,21
Natalie,Anderson,female,http://survivor.wikia.com/wiki/Natalie_Anderson,29
Natalie,Bolton,female,http://survivor.wikia.com/wiki/Natalie_Bolton,16
Natalie,Tenerelli,female,http://survivor.wikia.com/wiki/Natalie_Tenerelli,22
Natalie,White,female,http://survivor.wikia.com/wiki/Natalie_White,19
Nate,Gonzalez,male,http://survivor.wikia.com/wiki/Nate_Gonzalez,13
Neal,Gottlieb,male,http://survivor.wikia.com/wiki/Neal_Gottlieb,32
Neleh,Dennis,female,http://survivor.wikia.com/wiki/Neleh_Dennis,4
Nick,Brown,male,http://survivor.wikia.com/wiki/Nick_Brown,2
Nick,Maiorano,male,http://survivor.wikia.com/wiki/Nick_Maiorano,32
Nick,Stanbury,male,http://survivor.wikia.com/wiki/Nick_Stanbury,12
Nicole,Delma,female,http://survivor.wikia.com/wiki/Nicole_Delma,7
Nina,Acosta,female,http://survivor.wikia.com/wiki/Nina_Acosta,24
Nina,Poersch,female,http://survivor.wikia.com/wiki/Nina_Poersch,30
Osten,Taylor,male,http://survivor.wikia.com/wiki/Osten_Taylor,7
Ozzy,Lusth,male,http://survivor.wikia.com/wiki/Ozzy_Lusth,"13, 16, 23, 34"
Paloma,Soto-Castillo,female,http://survivor.wikia.com/wiki/Paloma_Soto-Castillo,17
Parvati,Shallow,female,http://survivor.wikia.com/wiki/Parvati_Shallow,"13, 16, 20"
Paschal,English,male,http://survivor.wikia.com/wiki/Paschal_English,4
Patricia,Jackson,female,http://survivor.wikia.com/wiki/Patricia_Jackson,4
Patrick,Bolton,male,http://survivor.wikia.com/wiki/Patrick_Bolton,35
Paul,Wachter,male,http://survivor.wikia.com/wiki/Paul_Wachter,33
Peih-Gee,Law,female,http://survivor.wikia.com/wiki/Peih-Gee_Law,"15, 31"
Penny,Ramsey,female,http://survivor.wikia.com/wiki/Penny_Ramsey,5
Pete,Yurkowski,male,http://survivor.wikia.com/wiki/Pete_Yurkowski,25
Peter,Baggenstos,male,http://survivor.wikia.com/wiki/Peter_Baggenstos,32
Peter,Harkey,male,http://survivor.wikia.com/wiki/Peter_Harkey,4
Phillip,Sheppard,male,http://survivor.wikia.com/wiki/Phillip_Sheppard,"22, 26"
R.C.,Saint-Amour,female,http://survivor.wikia.com/wiki/R.C._Saint-Amour,25
Rachel,Ako,female,http://survivor.wikia.com/wiki/Rachel_Ako,33
Rachel,Foulger,female,http://survivor.wikia.com/wiki/Rachel_Foulger,27
Rafe,Judkins,male,http://survivor.wikia.com/wiki/Rafe_Judkins,11
Ralph,Kiser,male,http://survivor.wikia.com/wiki/Ralph_Kiser,22
Ramona,Gray,female,http://survivor.wikia.com/wiki/Ramona_Gray,1
Randy,Bailey,male,http://survivor.wikia.com/wiki/Randy_Bailey,"17, 20"
Rebecca,Borman,female,http://survivor.wikia.com/wiki/Rebecca_Borman,13
Reed,Kelly,male,http://survivor.wikia.com/wiki/Reed_Kelly,29
Reynold,Toepfer,male,http://survivor.wikia.com/wiki/Reynold_Toepfer,26
Richard,Hatch,male,http://survivor.wikia.com/wiki/Richard_Hatch,"1, 8"
Rick,Nelson,male,http://survivor.wikia.com/wiki/Rick_Nelson,23
Rita,Verreos,female,http://survivor.wikia.com/wiki/Rita_Verreos,14
Roark,Luskin,female,http://survivor.wikia.com/wiki/Roark_Luskin,35
Rob,Cesternino,male,http://survivor.wikia.com/wiki/Rob_Cesternino,"6, 8"
Rob,Mariano,male,http://survivor.wikia.com/wiki/Rob_Mariano,"4, 8, 20, 22"
Robb,Zbacnik,male,http://survivor.wikia.com/wiki/Robb_Zbacnik,5
Robert,DeCanio,male,http://survivor.wikia.com/wiki/Robert_DeCanio,4
Rocky,Reid,male,http://survivor.wikia.com/wiki/Rocky_Reid,14
Rodney,Lavoie Jr.,male,http://survivor.wikia.com/wiki/Rodney_Lavoie_Jr.,30
Roger,Bingham,male,http://survivor.wikia.com/wiki/Rodger_Bingham,2
Roger,Sexton,male,http://survivor.wikia.com/wiki/Roger_Sexton,6
Rory,Freeman,male,http://survivor.wikia.com/wiki/Rory_Freeman,9
Roxanne,Morris,female,http://survivor.wikia.com/wiki/Roxanne_Morris,25
Rudy,Boesch,male,http://survivor.wikia.com/wiki/Rudy_Boesch,"1, 8"
Rupert,Boneham,male,http://survivor.wikia.com/wiki/Rupert_Boneham,"7, 8, 20, 27"
Russell,Hantz,male,http://survivor.wikia.com/wiki/Russell_Hantz,"19, 20, 22"
Russell,Swan,male,http://survivor.wikia.com/wiki/Russell_Swan,"19, 25"
Ruth-Marie,Milliman,female,http://survivor.wikia.com/wiki/Ruth-Marie_Milliman,12
Ryan,Aiken,male,http://survivor.wikia.com/wiki/Ryan_Aiken,6
Ryan,Opray,male,http://survivor.wikia.com/wiki/Ryan_Opray,7
Ryan,Shoulders,male,http://survivor.wikia.com/wiki/Ryan_Shoulders,7
Ryan,Ulrich,male,http://survivor.wikia.com/wiki/Ryan_Ulrich,35
Sabrina,Thompson,female,http://survivor.wikia.com/wiki/Sabrina_Thompson,24
Sally,Schumann,female,http://survivor.wikia.com/wiki/Sally_Schumann,12
Sandra,Diaz-Twine,female,http://survivor.wikia.com/wiki/Sandra_Diaz-Twine,"7, 20, 34"
Sandy,Burgin,female,http://survivor.wikia.com/wiki/Sandy_Burgin,18
Sarah,Dawson,female,http://survivor.wikia.com/wiki/Sarah_Dawson,25
Sarah,Jones,female,http://survivor.wikia.com/wiki/Sarah_Jones,4
Sarah,Lacina,female,http://survivor.wikia.com/wiki/Sarah_Lacina,"28, 34"
Sarita,White,female,http://survivor.wikia.com/wiki/Sarita_White,22
Sash,Lenahan,male,http://survivor.wikia.com/wiki/Sash_Lenahan,21
Scot,Pollard,male,http://survivor.wikia.com/wiki/Scot_Pollard,32
Scout,Cloud Lee,female,http://survivor.wikia.com/wiki/Scout_Cloud_Lee,9
Sean,Kenniff,male,http://survivor.wikia.com/wiki/Sean_Kenniff,1
Sean,Rector,male,http://survivor.wikia.com/wiki/Sean_Rector,4
Sebastian,Noel,male,http://survivor.wikia.com/wiki/Sebastian_Noel,36
Sekou,Bunch,male,http://survivor.wikia.com/wiki/Sekou_Bunch,13
Semhar,Tadesse,female,http://survivor.wikia.com/wiki/Semhar_Tadesse,23
Shamar,Thomas,male,http://survivor.wikia.com/wiki/Shamar_Thomas,26
Shambo,Waters,female,http://survivor.wikia.com/wiki/Shambo_Waters,19
Shane,Powers,male,http://survivor.wikia.com/wiki/Shane_Powers,12
Shannon,Elkins,male,http://survivor.wikia.com/wiki/Shannon_Elkins,21
Shawn,Cohen,male,http://survivor.wikia.com/wiki/Shawn_Cohen,7
Shawna,Mitchell,female,http://survivor.wikia.com/wiki/Shawna_Mitchell,6
Sherea,Lloyd,female,http://survivor.wikia.com/wiki/Sherea_Lloyd,15
Sherri,Biethman,female,http://survivor.wikia.com/wiki/Sherri_Biethman,26
Shii,Ann Huang,female,http://survivor.wikia.com/wiki/Shii_Ann_Huang,"5, 8"
Shirin,Oskooi,female,http://survivor.wikia.com/wiki/Shirin_Oskooi,"30, 31"
Sierra,Reed,female,http://survivor.wikia.com/wiki/Sierra_Reed,18
Sierra,Thomas,female,http://survivor.wikia.com/wiki/Sierra_Thomas,"30, 34"
Silas,Gaither,male,http://survivor.wikia.com/wiki/Silas_Gaither,3
Simone,Nguyen,female,http://survivor.wikia.com/wiki/Simone_Nguyen,35
So,Kim,female,http://survivor.wikia.com/wiki/So_Kim,30
Sonja,Christopher,female,http://survivor.wikia.com/wiki/Sonja_Christopher,1
Sophie,Clarke,female,http://survivor.wikia.com/wiki/Sophie_Clarke,23
Spencer,Bledsoe,male,http://survivor.wikia.com/wiki/Spencer_Bledsoe,"28, 31"
Spencer,Duhm,male,http://survivor.wikia.com/wiki/Spencer_Duhm,18
Stacey,Powell,female,http://survivor.wikia.com/wiki/Stacey_Powell,23
Stacey,Stillman,female,http://survivor.wikia.com/wiki/Stacey_Stillman,1
Stacy,Kimball,female,http://survivor.wikia.com/wiki/Stacy_Kimball,14
Stephanie,Dill,female,http://survivor.wikia.com/wiki/Stephanie_Dill,5
Stephanie,Gonzalez,female,http://survivor.wikia.com/wiki/Stephanie_Gonzalez,36
Stephanie,Johnson,female,http://survivor.wikia.com/wiki/Stephanie_Johnson,36
Stephanie,Valencia,female,http://survivor.wikia.com/wiki/Stephanie_Valencia,22
Stephannie,Favor,female,http://survivor.wikia.com/wiki/Stephannie_Favor,13
Stephen,Fishbach,male,http://survivor.wikia.com/wiki/Stephen_Fishbach,"18, 31"
Stephenie,LaGrossa,female,http://survivor.wikia.com/wiki/Stephenie_LaGrossa,"10, 11, 20"
Steve,Wright,male,http://survivor.wikia.com/wiki/Steve_Wright,22
Sugar,Kiper,female,http://survivor.wikia.com/wiki/Sugar_Kiper,"17, 20"
Sunday,Burquest,female,http://survivor.wikia.com/wiki/Sunday_Burquest,33
Sundra,Oakley,female,http://survivor.wikia.com/wiki/Sundra_Oakley,13
Susan,Hawk,female,http://survivor.wikia.com/wiki/Susan_Hawk,"1, 8"
Susie,Smith,female,http://survivor.wikia.com/wiki/Susie_Smith,17
Sydney,Wheeler,female,http://survivor.wikia.com/wiki/Sydney_Wheeler,18
Sylvia,Kwan,female,http://survivor.wikia.com/wiki/Sylvia_Kwan,14
Tai,Trang,male,http://survivor.wikia.com/wiki/Tai_Trang,"32, 34"
Taj,Johnson-George,female,http://survivor.wikia.com/wiki/Taj_Johnson-George,18
Tammy,Leitner,female,http://survivor.wikia.com/wiki/Tammy_Leitner,4
Tanya,Vance,female,http://survivor.wikia.com/wiki/Tanya_Vance,5
Tarzan,Smith,male,http://survivor.wikia.com/wiki/Tarzan_Smith,24
Tasha,Fox,female,http://survivor.wikia.com/wiki/Tasha_Fox,"28, 31"
Taylor,Stocker,male,http://survivor.wikia.com/wiki/Taylor_Stocker,33
Ted,Rogers Jr.,male,http://survivor.wikia.com/wiki/Ted_Rogers,5
Teresa,Cooper,female,http://survivor.wikia.com/wiki/Teresa_Cooper,3
Terry,Deitz,male,http://survivor.wikia.com/wiki/Terry_Deitz,"12, 31"
Tijuana,Bradley,female,http://survivor.wikia.com/wiki/Tijuana_Bradley,7
Tina,Scheer,female,http://survivor.wikia.com/wiki/Tina_Scheer,12
Tina,Wesson,female,http://survivor.wikia.com/wiki/Tina_Wesson,"2, 8, 27"
Todd,Herzog,male,http://survivor.wikia.com/wiki/Todd_Herzog,15
Tom,Buchanan,male,http://survivor.wikia.com/wiki/Tom_Buchanan,"3, 8"
Tom,Westman,male,http://survivor.wikia.com/wiki/Tom_Westman,"10, 20"
Tony,Vlachos,male,http://survivor.wikia.com/wiki/Tony_Vlachos,"28, 34"
Tracy,Hughes-Wolf,female,http://survivor.wikia.com/wiki/Tracy_Hughes-Wolf,16
Travis,Sampson,male,http://survivor.wikia.com/wiki/Travis_Sampson,9
Trish,Dunn,female,http://survivor.wikia.com/wiki/Trish_Dunn,7
Trish,Hegarty,female,http://survivor.wikia.com/wiki/Trish_Hegarty,28
Troyzan,Robertson,male,http://survivor.wikia.com/wiki/Troyzan_Robertson,"24, 34"
Twila,Tanner,female,http://survivor.wikia.com/wiki/Twila_Tanner,9
Tyler,Fredrickson,male,http://survivor.wikia.com/wiki/Tyler_Fredrickson,30
Tyrone,Davis,male,http://survivor.wikia.com/wiki/Tyrone_Davis,21
Tyson,Apostol,male,http://survivor.wikia.com/wiki/Tyson_Apostol,"18, 20, 27"
Val,Collins,female,http://survivor.wikia.com/wiki/Val_Collins,29
Vecepia,Towery,female,http://survivor.wikia.com/wiki/Vecepia_Towery,4
Vince,Sly,male,http://survivor.wikia.com/wiki/Vince_Sly,30
Vytas,Baskauskas,male,http://survivor.wikia.com/wiki/Vytas_Baskauskas,"27, 31"
Wanda,Shirk,female,http://survivor.wikia.com/wiki/Wanda_Shirk,10
Wendell,Holland,male,http://survivor.wikia.com/wiki/Wendell_Holland,36
Wendy,DeSmidt-Kohlhoff,female,http://survivor.wikia.com/wiki/Wendy_DeSmidt-Kohlhoff,21
Wes,Nale,male,http://survivor.wikia.com/wiki/Wes_Nale,29
Whitney,Duncan,female,http://survivor.wikia.com/wiki/Whitney_Duncan,23
Will,Sims II,male,http://survivor.wikia.com/wiki/Will_Sims_II,30
Will,Wahl,male,http://survivor.wikia.com/wiki/Will_Wahl,33
Willard,Smith,male,http://survivor.wikia.com/wiki/Willard_Smith,10
Woo,Hwang,male,http://survivor.wikia.com/wiki/Woo_Hwang,"28, 31"
Yasmin,Giles,female,http://survivor.wikia.com/wiki/Yasmin_Giles,19
Yau-Man,Chan,male,http://survivor.wikia.com/wiki/Yau-Man_Chan,"14, 16"
Yul,Kwon,male,http://survivor.wikia.com/wiki/Yul_Kwon,13
Yve,Rojas,female,http://survivor.wikia.com/wiki/Yve_Rojas,21
Zane,Knight,male,http://survivor.wikia.com/wiki/Zane_Knight,25
Zeke,Smith,male,http://survivor.wikia.com/wiki/Zeke_Smith,"33, 34"
Zoe,Zanidakis,female,http://survivor.wikia.com/wiki/Zoe_Zanidakis,4