firstName,lastName,gender,wikia,seasonId
Domenick,Abbate,male,http://survivor.wikia.com/wiki/Domenick_Abbate,36
Nina,Acosta,female,http://survivor.wikia.com/wiki/Nina_Acosta,24
Garrett,Adelstein,male,http://survivor.wikia.com/wiki/Garrett_Adelstein,28
Desiree,Afuye,female,http://survivor.wikia.com/wiki/Desiree_Afuye,36
Ryan,Aiken,male,http://survivor.wikia.com/wiki/Ryan_Aiken,6
Rachel,Ako,female,http://survivor.wikia.com/wiki/Rachel_Ako,33
Laura,Alexander,female,http://survivor.wikia.com/wiki/Laura_Alexander,26
B.B.,Andersen,male,http://survivor.wikia.com/wiki/B.B._Andersen,1
Joel,Anderson,male,http://survivor.wikia.com/wiki/Joel_Anderson,16
Nadiya,Anderson,female,http://survivor.wikia.com/wiki/Nadiya_Anderson,29
Natalie,Anderson,female,http://survivor.wikia.com/wiki/Natalie_Anderson,29
Alex,Angarita,male,http://survivor.wikia.com/wiki/Alex_Angarita,14
Joe,Anglim,male,http://survivor.wikia.com/wiki/Joe_Anglim,30
Joe,Anglim,male,http://survivor.wikia.com/wiki/Joe_Anglim,31
Shii,Ann Huang,female,http://survivor.wikia.com/wiki/Shii_Ann_Huang,5
Shii,Ann Huang,female,http://survivor.wikia.com/wiki/Shii_Ann_Huang,8
Tyson,Apostol,male,http://survivor.wikia.com/wiki/Tyson_Apostol,18
Tyson,Apostol,male,http://survivor.wikia.com/wiki/Tyson_Apostol,20
Tyson,Apostol,male,http://survivor.wikia.com/wiki/Tyson_Apostol,27
Coby,Archa,male,http://survivor.wikia.com/wiki/Coby_Archa,10
Ashlee,Ashby,female,http://survivor.wikia.com/wiki/Ashlee_Ashby,10
Peter,Baggenstos,male,http://survivor.wikia.com/wiki/Peter_Baggenstos,32
Randy,Bailey,male,http://survivor.wikia.com/wiki/Randy_Bailey,17
Randy,Bailey,male,http://survivor.wikia.com/wiki/Randy_Bailey,20
Alan,Ball,male,http://survivor.wikia.com/wiki/Alan_Ball,35
Dave,Ball,male,http://survivor.wikia.com/wiki/Dave_Ball,19
Caleb,Bankston,male,http://survivor.wikia.com/wiki/Caleb_Bankston,27
Dan,Barry,male,http://survivor.wikia.com/wiki/Dan_Barry,12
Aras,Baskauskas,male,http://survivor.wikia.com/wiki/Aras_Baskauskas,12
Aras,Baskauskas,male,http://survivor.wikia.com/wiki/Aras_Baskauskas,27
Vytas,Baskauskas,male,http://survivor.wikia.com/wiki/Vytas_Baskauskas,27
Vytas,Baskauskas,male,http://survivor.wikia.com/wiki/Vytas_Baskauskas,31
Kellyn,Bechtold,female,http://survivor.wikia.com/wiki/Kellyn_Bechtold,36
Debbie,Beebe,female,http://survivor.wikia.com/wiki/Debbie_Beebe,18
Dirk,Been,male,http://survivor.wikia.com/wiki/Dirk_Been,1
Jill,Behm,female,http://survivor.wikia.com/wiki/Jill_Behm,21
Alex,Bell,male,http://survivor.wikia.com/wiki/Alex_Bell,6
Jean-Robert,Bellande,male,http://survivor.wikia.com/wiki/Jean-Robert_Bellande,15
Brandon,Bellinger,male,http://survivor.wikia.com/wiki/Brandon_Bellinger,11
Deena,Bennett,female,http://survivor.wikia.com/wiki/Deena_Bennett,6
Jacquie,Berg,female,http://survivor.wikia.com/wiki/Jacquie_Berg,17
Boo,Bernis,male,http://survivor.wikia.com/wiki/Boo_Bernis,14
Julie,Berry,female,http://survivor.wikia.com/wiki/Julie_Berry,9
Sherri,Biethman,female,http://survivor.wikia.com/wiki/Sherri_Biethman,26
Carl,Bilancione,male,http://survivor.wikia.com/wiki/Carl_Bilancione,3
Jake,Billingsley,male,http://survivor.wikia.com/wiki/Jake_Billingsley,5
Roger,Bingham,male,http://survivor.wikia.com/wiki/Rodger_Bingham,2
Fabio,Birza,male,http://survivor.wikia.com/wiki/Fabio_Birza,21
Matt,Bischoff,male,http://survivor.wikia.com/wiki/Matt_Bischoff,26
Clarence,Black,male,http://survivor.wikia.com/wiki/Clarence_Black,3
Jefra,Bland,female,http://survivor.wikia.com/wiki/Jefra_Bland,28
Spencer,Bledsoe,male,http://survivor.wikia.com/wiki/Spencer_Bledsoe,28
Spencer,Bledsoe,male,http://survivor.wikia.com/wiki/Spencer_Bledsoe,31
Danni,Boatwright,female,http://survivor.wikia.com/wiki/Danni_Boatwright,11
Margaret,Bobonich,female,http://survivor.wikia.com/wiki/Margaret_Bobonich,11
Andrea,Boehlke,female,http://survivor.wikia.com/wiki/Andrea_Boehlke,22
Andrea,Boehlke,female,http://survivor.wikia.com/wiki/Andrea_Boehlke,26
Andrea,Boehlke,female,http://survivor.wikia.com/wiki/Andrea_Boehlke,34
Rudy,Boesch,male,http://survivor.wikia.com/wiki/Rudy_Boesch,1
Rudy,Boesch,male,http://survivor.wikia.com/wiki/Rudy_Boesch,8
Cao,Boi Bui,male,http://survivor.wikia.com/wiki/Cao_Boi_Bui,13
Betsy,Bolan,female,http://survivor.wikia.com/wiki/Betsy_Bolan,19
Natalie,Bolton,female,http://survivor.wikia.com/wiki/Natalie_Bolton,16
Patrick,Bolton,male,http://survivor.wikia.com/wiki/Patrick_Bolton,35
Laura,Boneham,female,http://survivor.wikia.com/wiki/Laura_Boneham,27
Rupert,Boneham,male,http://survivor.wikia.com/wiki/Rupert_Boneham,7
Rupert,Boneham,male,http://survivor.wikia.com/wiki/Rupert_Boneham,8
Rupert,Boneham,male,http://survivor.wikia.com/wiki/Rupert_Boneham,20
Rupert,Boneham,male,http://survivor.wikia.com/wiki/Rupert_Boneham,27
Mike,Borassi,male,http://survivor.wikia.com/wiki/Mike_Borassi,19
Rebecca,Borman,female,http://survivor.wikia.com/wiki/Rebecca_Borman,13
Mikey,Bortone,male,http://survivor.wikia.com/wiki/Mikey_Bortone,16
Jenna,Bowman,female,http://survivor.wikia.com/wiki/Jenna_Bowman,36
Aubry,Bracco,female,http://survivor.wikia.com/wiki/Aubry_Bracco,32
Aubry,Bracco,female,http://survivor.wikia.com/wiki/Aubry_Bracco,34
Tijuana,Bradley,female,http://survivor.wikia.com/wiki/Tijuana_Bradley,7
Michaela,Bradshaw,female,http://survivor.wikia.com/wiki/Michaela_Bradshaw,33
Michaela,Bradshaw,female,http://survivor.wikia.com/wiki/Michaela_Bradshaw,34
Jane,Bright,female,http://survivor.wikia.com/wiki/Jane_Bright,21
Amber,Brkich,female,http://survivor.wikia.com/wiki/Amber_Brkich,2
Amber,Brkich,female,http://survivor.wikia.com/wiki/Amber_Brkich,8
G.C.,Brown,male,http://survivor.wikia.com/wiki/G.C._Brown,17
Jenn,Brown,female,http://survivor.wikia.com/wiki/Jenn_Brown,30
Nick,Brown,male,http://survivor.wikia.com/wiki/Nick_Brown,2
Ben,Browning,male,http://survivor.wikia.com/wiki/Ben_Browning,19
Kelly,Bruno,female,http://survivor.wikia.com/wiki/Kelly_Bruno,21
Tom,Buchanan,male,http://survivor.wikia.com/wiki/Tom_Buchanan,3
Tom,Buchanan,male,http://survivor.wikia.com/wiki/Tom_Buchanan,8
Greg,Buis,male,http://survivor.wikia.com/wiki/Greg_Buis,1
Sekou,Bunch,male,http://survivor.wikia.com/wiki/Sekou_Bunch,13
Sandy,Burgin,female,http://survivor.wikia.com/wiki/Sandy_Burgin,18
Sunday,Burquest,female,http://survivor.wikia.com/wiki/Sunday_Burquest,33
Jay,Byars,male,http://survivor.wikia.com/wiki/Jay_Byars,24
Gabriel,Cade,male,http://survivor.wikia.com/wiki/Gabriel_Cade,4
Alicia,Calaway,female,http://survivor.wikia.com/wiki/Alicia_Calaway,2
Alicia,Calaway,female,http://survivor.wikia.com/wiki/Alicia_Calaway,8
J.P.,Calderon,male,http://survivor.wikia.com/wiki/J.P._Calderon,13
Marisa,Calihan,female,http://survivor.wikia.com/wiki/Marisa_Calihan,19
Jessie,Camacho,female,http://survivor.wikia.com/wiki/Jessie_Camacho,3
Josh,Canfield,male,http://survivor.wikia.com/wiki/Josh_Canfield,29
Erik,Cardona,male,http://survivor.wikia.com/wiki/Erik_Cardona,19
Gregg,Carey,male,http://survivor.wikia.com/wiki/Gregg_Carey,10
John,Carroll,male,http://survivor.wikia.com/wiki/John_Carroll,4
Austin,Carty,male,http://survivor.wikia.com/wiki/Austin_Carty,12
Mark,Caruso,male,http://survivor.wikia.com/wiki/Mark_Caruso,23
Lindsey,Cascaddan,female,http://survivor.wikia.com/wiki/Lindsey_Cascaddan,30
Rob,Cesternino,male,http://survivor.wikia.com/wiki/Rob_Cesternino,6
Rob,Cesternino,male,http://survivor.wikia.com/wiki/Rob_Cesternino,8
Christina,Cha,female,http://survivor.wikia.com/wiki/Christina_Cha,24
Yau-Man,Chan,male,http://survivor.wikia.com/wiki/Yau-Man_Chan,14
Yau-Man,Chan,male,http://survivor.wikia.com/wiki/Yau-Man_Chan,16
Michelle,Chase,female,http://survivor.wikia.com/wiki/Michelle_Chase,17
Mike,Chiesl,male,http://survivor.wikia.com/wiki/Mike_Chiesl,22
Sonja,Christopher,female,http://survivor.wikia.com/wiki/Sonja_Christopher,1
Alec,Christy,male,http://survivor.wikia.com/wiki/Alec_Christy,29
Drew,Christy,male,http://survivor.wikia.com/wiki/Drew_Christy,29
Sophie,Clarke,female,http://survivor.wikia.com/wiki/Sophie_Clarke,23
James,Clement,male,http://survivor.wikia.com/wiki/James_Clement,15
James,Clement,male,http://survivor.wikia.com/wiki/James_Clement,16
James,Clement,male,http://survivor.wikia.com/wiki/James_Clement,20
Scout,Cloud Lee,female,http://survivor.wikia.com/wiki/Scout_Cloud_Lee,9
Brett,Clouser,male,http://survivor.wikia.com/wiki/Brett_Clouser,19
John,Cochran,male,http://survivor.wikia.com/wiki/John_Cochran,23
John,Cochran,male,http://survivor.wikia.com/wiki/John_Cochran,26
John,Cody,male,http://survivor.wikia.com/wiki/John_Cody,27
Shawn,Cohen,male,http://survivor.wikia.com/wiki/Shawn_Cohen,7
Earl,Cole,male,http://survivor.wikia.com/wiki/Earl_Cole,14
Erin,Collins,female,http://survivor.wikia.com/wiki/Erin_Collins,5
Jeremy,Collins,male,http://survivor.wikia.com/wiki/Jeremy_Collins,29
Jeremy,Collins,male,http://survivor.wikia.com/wiki/Jeremy_Collins,31
Katie,Collins,female,http://survivor.wikia.com/wiki/Katie_Collins,27
Val,Collins,female,http://survivor.wikia.com/wiki/Val_Collins,29
Teresa,Cooper,female,http://survivor.wikia.com/wiki/Teresa_Cooper,3
Gretchen,Cordy,female,http://survivor.wikia.com/wiki/Gretchen_Cordy,1
Cristina,Coria,female,http://survivor.wikia.com/wiki/Cristina_Coria,13
Brian,Corridan,male,http://survivor.wikia.com/wiki/Brian_Corridan,11
Crystal,Cox,female,http://survivor.wikia.com/wiki/Crystal_Cox,17
Gina,Crews,female,http://survivor.wikia.com/wiki/Gina_Crews,4
Chad,Crittenden,male,http://survivor.wikia.com/wiki/Chad_Crittenden,9
Bob,Crowley,male,http://survivor.wikia.com/wiki/Bob_Crowley,17
Dave,Cruser,male,http://survivor.wikia.com/wiki/Dave_Cruser,15
Brad,Culpepper,male,http://survivor.wikia.com/wiki/Brad_Culpepper,27
Brad,Culpepper,male,http://survivor.wikia.com/wiki/Brad_Culpepper,34
Monica,Culpepper,female,http://survivor.wikia.com/wiki/Monica_Culpepper,24
Monica,Culpepper,female,http://survivor.wikia.com/wiki/Monica_Culpepper,27
Colton,Cumbie,male,http://survivor.wikia.com/wiki/Colton_Cumbie,24
Colton,Cumbie,male,http://survivor.wikia.com/wiki/Colton_Cumbie,27
Ami,Cusack,female,http://survivor.wikia.com/wiki/Ami_Cusack,9
Ami,Cusack,female,http://survivor.wikia.com/wiki/Ami_Cusack,16
Kelly,Czarnecki,female,http://survivor.wikia.com/wiki/Kelly_Czarnecki,17
Jon,Dalton,male,http://survivor.wikia.com/wiki/Jon_Dalton,7
Jon,Dalton,male,http://survivor.wikia.com/wiki/Jon_Dalton,16
Chris,Daugherty,male,http://survivor.wikia.com/wiki/Chris_Daugherty,9
Tyrone,Davis,male,http://survivor.wikia.com/wiki/Tyrone_Davis,21
Max,Dawson,male,http://survivor.wikia.com/wiki/Max_Dawson,30
Sarah,Dawson,female,http://survivor.wikia.com/wiki/Sarah_Dawson,25
Jessica,deBen,female,http://survivor.wikia.com/wiki/Jessica_deBen,14
Robert,DeCanio,male,http://survivor.wikia.com/wiki/Robert_DeCanio,4
Terry,Deitz,male,http://survivor.wikia.com/wiki/Terry_Deitz,12
Terry,Deitz,male,http://survivor.wikia.com/wiki/Terry_Deitz,31
Joe,del Campo,male,http://survivor.wikia.com/wiki/Joe_del_Campo,32
Nicole,Delma,female,http://survivor.wikia.com/wiki/Nicole_Delma,7
Neleh,Dennis,female,http://survivor.wikia.com/wiki/Neleh_Dennis,4
Jacob,Derwin,male,http://survivor.wikia.com/wiki/Jacob_Derwin,36
Wendy,DeSmidt-Kohlhoff,female,http://survivor.wikia.com/wiki/Wendy_DeSmidt-Kohlhoff,21
Albert,Destrade,male,http://survivor.wikia.com/wiki/Albert_Destrade,23
Sandra,Diaz-Twine,female,http://survivor.wikia.com/wiki/Sandra_Diaz-Twine,7
Sandra,Diaz-Twine,female,http://survivor.wikia.com/wiki/Sandra_Diaz-Twine,20
Sandra,Diaz-Twine,female,http://survivor.wikia.com/wiki/Sandra_Diaz-Twine,34
Stephanie,Dill,female,http://survivor.wikia.com/wiki/Stephanie_Dill,5
Danielle,DiLorenzo,female,http://survivor.wikia.com/wiki/Danielle_DiLorenzo,12
Danielle,DiLorenzo,female,http://survivor.wikia.com/wiki/Danielle_DiLorenzo,20
Colby,Donaldson,male,http://survivor.wikia.com/wiki/Colby_Donaldson,2
Colby,Donaldson,male,http://survivor.wikia.com/wiki/Colby_Donaldson,8
Colby,Donaldson,male,http://survivor.wikia.com/wiki/Colby_Donaldson,20
Joe,Dowdle,male,http://survivor.wikia.com/wiki/Joe_Dowdle,18
Ben,Driebergen,male,http://survivor.wikia.com/wiki/Ben_Driebergen,35
Hope,Driskill,female,http://survivor.wikia.com/wiki/Hope_Driskill,26
Jaime,Dugan,female,http://survivor.wikia.com/wiki/Jaime_Dugan,15
Spencer,Duhm,male,http://survivor.wikia.com/wiki/Spencer_Duhm,18
Whitney,Duncan,female,http://survivor.wikia.com/wiki/Whitney_Duncan,23
Trish,Dunn,female,http://survivor.wikia.com/wiki/Trish_Dunn,7
Erica,Durousseau,female,http://survivor.wikia.com/wiki/Erica_Durousseau,14
Ciera,Eastin,female,http://survivor.wikia.com/wiki/Ciera_Eastin,27
Ciera,Eastin,female,http://survivor.wikia.com/wiki/Ciera_Eastin,31
Ciera,Eastin,female,http://survivor.wikia.com/wiki/Ciera_Eastin,34
Carolina,Eastwood,female,http://survivor.wikia.com/wiki/Carolina_Eastwood,18
Debb,Eaton,female,http://survivor.wikia.com/wiki/Debb_Eaton,2
Kat,Edorsson,female,http://survivor.wikia.com/wiki/Kat_Edorsson,24
Kat,Edorsson,female,http://survivor.wikia.com/wiki/Kat_Edorsson,27
Shannon,Elkins,male,http://survivor.wikia.com/wiki/Shannon_Elkins,21
Ali,Elliott,female,http://survivor.wikia.com/wiki/Ali_Elliott,35
Hunter,Ellis,male,http://survivor.wikia.com/wiki/Hunter_Ellis,4
Matthew,Elrod,male,http://survivor.wikia.com/wiki/Matthew_Elrod,22
Paschal,English,male,http://survivor.wikia.com/wiki/Paschal_English,4
Keith,Famie,male,http://survivor.wikia.com/wiki/Keith_Famie,2
Stephannie,Favor,female,http://survivor.wikia.com/wiki/Stephannie_Favor,13
Cirie,Fields,female,http://survivor.wikia.com/wiki/Cirie_Fields,12
Cirie,Fields,female,http://survivor.wikia.com/wiki/Cirie_Fields,16
Cirie,Fields,female,http://survivor.wikia.com/wiki/Cirie_Fields,20
Cirie,Fields,female,http://survivor.wikia.com/wiki/Cirie_Fields,34
Figgy,Figueroa,female,http://survivor.wikia.com/wiki/Figgy_Figueroa,33
Elisabeth,Filarski,female,http://survivor.wikia.com/wiki/Elisabeth_Filarski,2
John,Fincher,male,http://survivor.wikia.com/wiki/John_Fincher,19
Brady,Finta,male,http://survivor.wikia.com/wiki/Brady_Finta,9
Stephen,Fishbach,male,http://survivor.wikia.com/wiki/Stephen_Fishbach,18
Stephen,Fishbach,male,http://survivor.wikia.com/wiki/Stephen_Fishbach,31
Michele,Fitzgerald,female,http://survivor.wikia.com/wiki/Michele_Fitzgerald,32
Dan,Foley,male,http://survivor.wikia.com/wiki/Dan_Foley,30
Hali,Ford,female,http://survivor.wikia.com/wiki/Hali_Ford,30
Hali,Ford,female,http://survivor.wikia.com/wiki/Hali_Ford,34
Rachel,Foulger,female,http://survivor.wikia.com/wiki/Rachel_Foulger,27
Eddie,Fox,male,http://survivor.wikia.com/wiki/Eddie_Fox,26
Tasha,Fox,female,http://survivor.wikia.com/wiki/Tasha_Fox,28
Tasha,Fox,female,http://survivor.wikia.com/wiki/Tasha_Fox,31
Cassandra,Franklin,female,http://survivor.wikia.com/wiki/Cassandra_Franklin,14
Malcolm,Freberg,male,http://survivor.wikia.com/wiki/Malcolm_Freberg,25
Malcolm,Freberg,male,http://survivor.wikia.com/wiki/Malcolm_Freberg,26
Malcolm,Freberg,male,http://survivor.wikia.com/wiki/Malcolm_Freberg,34
Tyler,Fredrickson,male,http://survivor.wikia.com/wiki/Tyler_Fredrickson,30
Rory,Freeman,male,http://survivor.wikia.com/wiki/Rory_Freeman,9
Silas,Gaither,male,http://survivor.wikia.com/wiki/Silas_Gaither,3
Mia,Galeotalanza,female,http://survivor.wikia.com/wiki/Mia_Galeotalanza,9
Katie,Gallagher,female,http://survivor.wikia.com/wiki/Katie_Gallagher,10
Billy,Garcia,male,http://survivor.wikia.com/wiki/Billy_Garcia,13
Frank,Garrison,male,http://survivor.wikia.com/wiki/Frank_Garrison,3
Adam,Gentry,male,http://survivor.wikia.com/wiki/Adam_Gentry,13
Jan,Gentry,female,http://survivor.wikia.com/wiki/Jan_Gentry,5
Brook,Geraghty,female,http://survivor.wikia.com/wiki/Brook_Geraghty,9
Misty,Giles,female,http://survivor.wikia.com/wiki/Misty_Giles,12
Yasmin,Giles,female,http://survivor.wikia.com/wiki/Yasmin_Giles,19
Cydney,Gillon,female,http://survivor.wikia.com/wiki/Cydney_Gillon,32
Kel,Gleason,male,http://survivor.wikia.com/wiki/Kel_Gleason,2
Helen,Glover,female,http://survivor.wikia.com/wiki/Helen_Glover,5
Kelly,Goldsmith,female,http://survivor.wikia.com/wiki/Kelly_Goldsmith,3
Abi-Maria,Gomes,female,http://survivor.wikia.com/wiki/Abi-Maria_Gomes,25
Abi-Maria,Gomes,female,http://survivor.wikia.com/wiki/Abi-Maria_Gomes,31
Liliana,Gomez,female,http://survivor.wikia.com/wiki/Liliana_Gomez,14
Nate,Gonzalez,male,http://survivor.wikia.com/wiki/Nate_Gonzalez,13
Stephanie,Gonzalez,female,http://survivor.wikia.com/wiki/Stephanie_Gonzalez,36
Ace,Gordon,male,http://survivor.wikia.com/wiki/Ace_Gordon,17
Neal,Gottlieb,male,http://survivor.wikia.com/wiki/Neal_Gottlieb,32
Ramona,Gray,female,http://survivor.wikia.com/wiki/Ramona_Gray,1
Caryn,Groedel,female,http://survivor.wikia.com/wiki/Caryn_Groedel,10
Jenny,Guzon-Bae,female,http://survivor.wikia.com/wiki/Jenny_Guzon-Bae,13
Cindy,Hall,female,http://survivor.wikia.com/wiki/Cindy_Hall,11
Darnell,Hamilton,male,http://survivor.wikia.com/wiki/Darnell_Hamilton,32
Chris,Hammons,male,http://survivor.wikia.com/wiki/Chris_Hammons,33
Katie,Hanson,female,http://survivor.wikia.com/wiki/Katie_Hanson,25
Brandon,Hantz,male,http://survivor.wikia.com/wiki/Brandon_Hantz,23
Brandon,Hantz,male,http://survivor.wikia.com/wiki/Brandon_Hantz,26
Russell,Hantz,male,http://survivor.wikia.com/wiki/Russell_Hantz,19
Russell,Hantz,male,http://survivor.wikia.com/wiki/Russell_Hantz,20
Russell,Hantz,male,http://survivor.wikia.com/wiki/Russell_Hantz,22
Peter,Harkey,male,http://survivor.wikia.com/wiki/Peter_Harkey,4
Colleen,Haskell,female,http://survivor.wikia.com/wiki/Colleen_Haskell,1
Christa,Hastie,female,http://survivor.wikia.com/wiki/Christa_Hastie,7
Richard,Hatch,male,http://survivor.wikia.com/wiki/Richard_Hatch,1
Richard,Hatch,male,http://survivor.wikia.com/wiki/Richard_Hatch,8
Susan,Hawk,female,http://survivor.wikia.com/wiki/Susan_Hawk,1
Susan,Hawk,female,http://survivor.wikia.com/wiki/Susan_Hawk,8
Jeanne,Hebert,female,http://survivor.wikia.com/wiki/Jeanne_Hebert,6
Trish,Hegarty,female,http://survivor.wikia.com/wiki/Trish_Hegarty,28
Brian,Heidik,male,http://survivor.wikia.com/wiki/Brian_Heidik,5
Benry,Henry,male,http://survivor.wikia.com/wiki/Benry_Henry,21
Dreamz,Herd,male,http://survivor.wikia.com/wiki/Dreamz_Herd,14
Charlie,Herschel,male,http://survivor.wikia.com/wiki/Charlie_Herschel,17
Maralyn,Hershey,female,http://survivor.wikia.com/wiki/Maralyn_Hershey,2
Todd,Herzog,male,http://survivor.wikia.com/wiki/Todd_Herzog,15
Jed,Hildebrand,male,http://survivor.wikia.com/wiki/Jed_Hildebrand,5
JP,Hilsabeck,male,http://survivor.wikia.com/wiki/JP_Hilsabeck,35
Ken,Hoang,male,http://survivor.wikia.com/wiki/Ken_Hoang,17
Chrissy,Hofbeck,female,http://survivor.wikia.com/wiki/Chrissy_Hofbeck,35
Holly,Hoffman,female,http://survivor.wikia.com/wiki/Holly_Hoffman,21
Gary,Hogeboom,male,http://survivor.wikia.com/wiki/Gary_Hogeboom,11
Francesca,Hogi,female,http://survivor.wikia.com/wiki/Francesca_Hogi,22
Francesca,Hogi,female,http://survivor.wikia.com/wiki/Francesca_Hogi,26
Alecia,Holden,female,http://survivor.wikia.com/wiki/Alecia_Holden,32
Wendell,Holland,male,http://survivor.wikia.com/wiki/Wendell_Holland,36
Mike,Holloway,male,http://survivor.wikia.com/wiki/Mike_Holloway,30
Lucy,Huang,female,http://survivor.wikia.com/wiki/Lucy_Huang,33
Erik,Huffman,male,http://survivor.wikia.com/wiki/Erik_Huffman,15
Tracy,Hughes-Wolf,female,http://survivor.wikia.com/wiki/Tracy_Hughes-Wolf,16
Donathan,Hurley,male,http://survivor.wikia.com/wiki/Donathan_Hurley,36
Woo,Hwang,male,http://survivor.wikia.com/wiki/Woo_Hwang,28
Woo,Hwang,male,http://survivor.wikia.com/wiki/Woo_Hwang,31
Melinda,Hyder,female,http://survivor.wikia.com/wiki/Melinda_Hyder,12
Patricia,Jackson,female,http://survivor.wikia.com/wiki/Patricia_Jackson,4
Angie,Jakusz,female,http://survivor.wikia.com/wiki/Angie_Jakusz,10
Kyle,Jason,male,http://survivor.wikia.com/wiki/Kyle_Jason,32
Michael,Jefferson,male,http://survivor.wikia.com/wiki/Michael_Jefferson,24
Darrah,Johnson,female,http://survivor.wikia.com/wiki/Darrah_Johnson,7
Dave,Johnson,male,http://survivor.wikia.com/wiki/Dave_Johnson,6
Ghandia,Johnson,female,http://survivor.wikia.com/wiki/Ghandia_Johnson,5
Jimmy,Johnson,male,http://survivor.wikia.com/wiki/Jimmy_Johnson,21
Kim,Johnson,female,http://survivor.wikia.com/wiki/Kim_Johnson,3
Laurel,Johnson,female,http://survivor.wikia.com/wiki/Laurel_Johnson,36
Stephanie,Johnson,female,http://survivor.wikia.com/wiki/Stephanie_Johnson,36
Taj,Johnson-George,female,http://survivor.wikia.com/wiki/Taj_Johnson-George,18
Brice,Johnston,male,http://survivor.wikia.com/wiki/Brice_Johnston,28
Jessica,Johnston,female,http://survivor.wikia.com/wiki/Jessica_Johnston,35
Bobby,Jon Drinkard,male,http://survivor.wikia.com/wiki/Bobby_Jon_Drinkard,10
Bobby,Jon Drinkard,male,http://survivor.wikia.com/wiki/Bobby_Jon_Drinkard,11
Alexis,Jones,female,http://survivor.wikia.com/wiki/Alexis_Jones,16
Jolanda,Jones,female,http://survivor.wikia.com/wiki/Jolanda_Jones,10
Sarah,Jones,female,http://survivor.wikia.com/wiki/Sarah_Jones,4
Clay,Jordan,male,http://survivor.wikia.com/wiki/Clay_Jordan,5
Rafe,Judkins,male,http://survivor.wikia.com/wiki/Rafe_Judkins,11
Bruce,Kanegai,male,http://survivor.wikia.com/wiki/Bruce_Kanegai,12
Corinne,Kaplan,female,http://survivor.wikia.com/wiki/Corinne_Kaplan,17
Corinne,Kaplan,female,http://survivor.wikia.com/wiki/Corinne_Kaplan,26
Kimmi,Kappenberg,female,http://survivor.wikia.com/wiki/Kimmi_Kappenberg,2
Kimmi,Kappenberg,female,http://survivor.wikia.com/wiki/Kimmi_Kappenberg,31
Dan,Kay,male,http://survivor.wikia.com/wiki/Dan_Kay,17
Lisa,Keiffer,female,http://survivor.wikia.com/wiki/Lisa_Keiffer,9
Kristina,Kell,female,http://survivor.wikia.com/wiki/Kristina_Kell,22
Reed,Kelly,male,http://survivor.wikia.com/wiki/Reed_Kelly,29
John,Kenney,male,http://survivor.wikia.com/wiki/John_Kenney,9
Sean,Kenniff,male,http://survivor.wikia.com/wiki/Sean_Kenniff,1
Jeff,Kent,male,http://survivor.wikia.com/wiki/Jeff_Kent,25
Anna,Khait,female,http://survivor.wikia.com/wiki/Anna_Khait,32
Liz,Kim,female,http://survivor.wikia.com/wiki/Liz_Kim,19
So,Kim,female,http://survivor.wikia.com/wiki/So_Kim,30
Stacy,Kimball,female,http://survivor.wikia.com/wiki/Stacy_Kimball,14
Amanda,Kimmel,female,http://survivor.wikia.com/wiki/Amanda_Kimmel,15
Amanda,Kimmel,female,http://survivor.wikia.com/wiki/Amanda_Kimmel,16
Amanda,Kimmel,female,http://survivor.wikia.com/wiki/Amanda_Kimmel,20
Sugar,Kiper,female,http://survivor.wikia.com/wiki/Sugar_Kiper,17
Sugar,Kiper,female,http://survivor.wikia.com/wiki/Sugar_Kiper,20
Ralph,Kiser,male,http://survivor.wikia.com/wiki/Ralph_Kiser,22
Bradley,Kleihege,male,http://survivor.wikia.com/wiki/Bradley_Kleihege,36
Adam,Klein,male,http://survivor.wikia.com/wiki/Adam_Klein,33
Joel,Klug,male,http://survivor.wikia.com/wiki/Joel_Klug,1
Krista,Klumpp,female,http://survivor.wikia.com/wiki/Krista_Klumpp,22
Zane,Knight,male,http://survivor.wikia.com/wiki/Zane_Knight,25
Janet,Koth,female,http://survivor.wikia.com/wiki/Janet_Koth,6
Sylvia,Kwan,female,http://survivor.wikia.com/wiki/Sylvia_Kwan,14
Yul,Kwon,male,http://survivor.wikia.com/wiki/Yul_Kwon,13
Bret,LaBelle,male,http://survivor.wikia.com/wiki/Bret_LaBelle,33
Sarah,Lacina,female,http://survivor.wikia.com/wiki/Sarah_Lacina,28
Sarah,Lacina,female,http://survivor.wikia.com/wiki/Sarah_Lacina,34
Stephenie,LaGrossa,female,http://survivor.wikia.com/wiki/Stephenie_LaGrossa,10
Stephenie,LaGrossa,female,http://survivor.wikia.com/wiki/Stephenie_LaGrossa,11
Stephenie,LaGrossa,female,http://survivor.wikia.com/wiki/Stephenie_LaGrossa,20
Dana,Lambert,female,http://survivor.wikia.com/wiki/Dana_Lambert,25
Julia,Landauer,female,http://survivor.wikia.com/wiki/Julia_Landauer,26
Jennifer,Lanzetti,female,http://survivor.wikia.com/wiki/Jennifer_Lanzetti,32
Gillian,Larson,female,http://survivor.wikia.com/wiki/Gillian_Larson,17
Rodney,Lavoie Jr.,male,http://survivor.wikia.com/wiki/Rodney_Lavoie_Jr.,30
Peih-Gee,Law,female,http://survivor.wikia.com/wiki/Peih-Gee_Law,15
Peih-Gee,Law,female,http://survivor.wikia.com/wiki/Peih-Gee_Law,31
Angie,Layton,female,http://survivor.wikia.com/wiki/Angie_Layton,25
Becky,Lee,female,http://survivor.wikia.com/wiki/Becky_Lee,13
Mookie,Lee,male,http://survivor.wikia.com/wiki/Mookie_Lee,14
Marcus,Lehman,male,http://survivor.wikia.com/wiki/Marcus_Lehman,17
Tammy,Leitner,female,http://survivor.wikia.com/wiki/Tammy_Leitner,4
Dan,Lembo,male,http://survivor.wikia.com/wiki/Dan_Lembo,21
Sash,Lenahan,male,http://survivor.wikia.com/wiki/Sash_Lenahan,21
Jenna,Lewis,female,http://survivor.wikia.com/wiki/Jenna_Lewis,1
Jenna,Lewis,female,http://survivor.wikia.com/wiki/Jenna_Lewis,8
Jessica,Lewis,female,http://survivor.wikia.com/wiki/Jessica_Lewis,33
Jonathan,Libby,male,http://survivor.wikia.com/wiki/Jonathan_Libby,10
James,Lim,male,http://survivor.wikia.com/wiki/James_Lim,36
Lisi,Linares,female,http://survivor.wikia.com/wiki/Lisi_Linares,14
Sherea,Lloyd,female,http://survivor.wikia.com/wiki/Sherea_Lloyd,15
Erinn,Lobdell,female,http://survivor.wikia.com/wiki/Erinn_Lobdell,18
Butch,Lockley,male,http://survivor.wikia.com/wiki/Butch_Lockley,6
Brenda,Lowe,female,http://survivor.wikia.com/wiki/Brenda_Lowe,21
Brenda,Lowe,female,http://survivor.wikia.com/wiki/Brenda_Lowe,26
Daniel,Lue,male,http://survivor.wikia.com/wiki/Daniel_Lue,6
Roark,Luskin,female,http://survivor.wikia.com/wiki/Roark_Luskin,35
Ozzy,Lusth,male,http://survivor.wikia.com/wiki/Ozzy_Lusth,13
Ozzy,Lusth,male,http://survivor.wikia.com/wiki/Ozzy_Lusth,16
Ozzy,Lusth,male,http://survivor.wikia.com/wiki/Ozzy_Lusth,23
Ozzy,Lusth,male,http://survivor.wikia.com/wiki/Ozzy_Lusth,34
Jim,Lynch,male,http://survivor.wikia.com/wiki/Jim_Lynch,11
Jenn,Lyon,female,http://survivor.wikia.com/wiki/Jenn_Lyon,10
Edna,Ma,female,http://survivor.wikia.com/wiki/Edna_Ma,23
Nick,Maiorano,male,http://survivor.wikia.com/wiki/Nick_Maiorano,32
Cecilia,Mansilla,female,http://survivor.wikia.com/wiki/Cecilia_Mansilla,13
Leif,Manson,male,http://survivor.wikia.com/wiki/Leif_Manson,24
Jerri,Manthey,female,http://survivor.wikia.com/wiki/Jerri_Manthey,2
Jerri,Manthey,female,http://survivor.wikia.com/wiki/Jerri_Manthey,8
Jerri,Manthey,female,http://survivor.wikia.com/wiki/Jerri_Manthey,20
Rob,Mariano,male,http://survivor.wikia.com/wiki/Rob_Mariano,4
Rob,Mariano,male,http://survivor.wikia.com/wiki/Rob_Mariano,8
Rob,Mariano,male,http://survivor.wikia.com/wiki/Rob_Mariano,20
Rob,Mariano,male,http://survivor.wikia.com/wiki/Rob_Mariano,22
Courtney,Marit,female,http://survivor.wikia.com/wiki/Courtney_Marit,12
Liz,Markham,female,http://survivor.wikia.com/wiki/Liz_Markham,32
Denise,Martin,female,http://survivor.wikia.com/wiki/Denise_Martin,15
Bobby,Mason,male,http://survivor.wikia.com/wiki/Bobby_Mason,12
Ashley,Massaro,female,http://survivor.wikia.com/wiki/Ashley_Massaro,15
Lea,Masters,male,http://survivor.wikia.com/wiki/Lea_Masters,9
Grant,Mattos,male,http://survivor.wikia.com/wiki/Grant_Mattos,22
Alexis,Maxwell,female,http://survivor.wikia.com/wiki/Alexis_Maxwell,28
Morgan,McDevitt,female,http://survivor.wikia.com/wiki/Morgan_McDevitt,11
Julie,McGee,female,http://survivor.wikia.com/wiki/Julie_McGee,29
LJ,McKanas,male,http://survivor.wikia.com/wiki/LJ_McKanas,28
Morgan,McLeod,female,http://survivor.wikia.com/wiki/Morgan_McLeod,28
Ken,McNickle,male,http://survivor.wikia.com/wiki/Ken_McNickle,33
Kass,McQuillen,female,http://survivor.wikia.com/wiki/Kass_McQuillen,28
Kass,McQuillen,female,http://survivor.wikia.com/wiki/Kass_McQuillen,31
Cole,Medders,male,http://survivor.wikia.com/wiki/Cole_Medders,35
Dawn,Meehan,female,http://survivor.wikia.com/wiki/Dawn_Meehan,23
Dawn,Meehan,female,http://survivor.wikia.com/wiki/Dawn_Meehan,26
Chelsea,Meissner,female,http://survivor.wikia.com/wiki/Chelsea_Meissner,24
Joe,Mena,male,http://survivor.wikia.com/wiki/Joe_Mena,35
James,Miller,male,http://survivor.wikia.com/wiki/James_Miller,10
Ruth-Marie,Milliman,female,http://survivor.wikia.com/wiki/Ruth-Marie_Milliman,12
Jon,Misch,male,http://survivor.wikia.com/wiki/Jon_Misch,29
Shawna,Mitchell,female,http://survivor.wikia.com/wiki/Shawna_Mitchell,6
NaOnka,Mixon,female,http://survivor.wikia.com/wiki/NaOnka_Mixon,21
Kourtney,Moon,female,http://survivor.wikia.com/wiki/Kourtney_Moon,24
Lydia,Morales,female,http://survivor.wikia.com/wiki/Lydia_Morales,11
Jenna,Morasca,female,http://survivor.wikia.com/wiki/Jenna_Morasca,6
Jenna,Morasca,female,http://survivor.wikia.com/wiki/Jenna_Morasca,8
Laura,Morett,female,http://survivor.wikia.com/wiki/Laura_Morett,19
Laura,Morett,female,http://survivor.wikia.com/wiki/Laura_Morett,27
Chicken,Morris,male,http://survivor.wikia.com/wiki/Chicken_Morris,15
Lillian,Morris,female,http://survivor.wikia.com/wiki/Lillian_Morris,7
Roxanne,Morris,female,http://survivor.wikia.com/wiki/Roxanne_Morris,25
Hayden,Moss,male,http://survivor.wikia.com/wiki/Hayden_Moss,27
Kim,Mullen,female,http://survivor.wikia.com/wiki/Kim_Mullen,10
David,Murphy,male,http://survivor.wikia.com/wiki/David_Murphy,22
Keith,Nale,male,http://survivor.wikia.com/wiki/Keith_Nale,29
Keith,Nale,male,http://survivor.wikia.com/wiki/Keith_Nale,31
Wes,Nale,male,http://survivor.wikia.com/wiki/Wes_Nale,29
Leslie,Nease,female,http://survivor.wikia.com/wiki/Leslie_Nease,15
Dolly,Neely,female,http://survivor.wikia.com/wiki/Dolly_Neely,9
Rick,Nelson,male,http://survivor.wikia.com/wiki/Rick_Nelson,23
Jamie,Newton,male,http://survivor.wikia.com/wiki/Jamie_Newton,11
Simone,Nguyen,female,http://survivor.wikia.com/wiki/Simone_Nguyen,35
Chris,Noble,male,http://survivor.wikia.com/wiki/Chris_Noble,36
Sebastian,Noel,male,http://survivor.wikia.com/wiki/Sebastian_Noel,36
Ashley,Nolan,female,http://survivor.wikia.com/wiki/Ashley_Nolan,35
Amy,O'Hara,female,http://survivor.wikia.com/wiki/Amy_O%27Hara,11
Sundra,Oakley,female,http://survivor.wikia.com/wiki/Sundra_Oakley,13
Diane,Ogden,female,http://survivor.wikia.com/wiki/Diane_Ogden,3
Lindsey,Ogle,female,http://survivor.wikia.com/wiki/Lindsey_Ogle,28
Mitchell,Olson,male,http://survivor.wikia.com/wiki/Mitchell_Olson,2
Ryan,Opray,male,http://survivor.wikia.com/wiki/Ryan_Opray,7
Eliza,Orlins,female,http://survivor.wikia.com/wiki/Eliza_Orlins,9
Eliza,Orlins,female,http://survivor.wikia.com/wiki/Eliza_Orlins,16
Shirin,Oskooi,female,http://survivor.wikia.com/wiki/Shirin_Oskooi,30
Shirin,Oskooi,female,http://survivor.wikia.com/wiki/Shirin_Oskooi,31
Jonas,Otsuji,male,http://survivor.wikia.com/wiki/Jonas_Otsuji,24
Monica,Padilla,female,http://survivor.wikia.com/wiki/Monica_Padilla,19
Monica,Padilla,female,http://survivor.wikia.com/wiki/Monica_Padilla,31
John,Palyok,male,http://survivor.wikia.com/wiki/John_Palyok,9
Missy,Payne,female,http://survivor.wikia.com/wiki/Missy_Payne,29
Jonathan,Penner,male,http://survivor.wikia.com/wiki/Jonathan_Penner,13
Jonathan,Penner,male,http://survivor.wikia.com/wiki/Jonathan_Penner,16
Jonathan,Penner,male,http://survivor.wikia.com/wiki/Jonathan_Penner,25
Angela,Perkins,female,http://survivor.wikia.com/wiki/Angela_Perkins,36
Gervase,Peterson,male,http://survivor.wikia.com/wiki/Gervase_Peterson,1
Gervase,Peterson,male,http://survivor.wikia.com/wiki/Gervase_Peterson,27
Marissa,Peterson,female,http://survivor.wikia.com/wiki/Marissa_Peterson,27
Devon,Pinto,male,http://survivor.wikia.com/wiki/Devon_Pinto,35
Marty,Piombo,male,http://survivor.wikia.com/wiki/Marty_Piombo,21
Nina,Poersch,female,http://survivor.wikia.com/wiki/Nina_Poersch,30
Allie,Pohevitz,female,http://survivor.wikia.com/wiki/Allie_Pohevitz,26
Scot,Pollard,male,http://survivor.wikia.com/wiki/Scot_Pollard,32
Bill,Posley,male,http://survivor.wikia.com/wiki/Bill_Posley,24
Stacey,Powell,female,http://survivor.wikia.com/wiki/Stacey_Powell,23
Kim,Powers,female,http://survivor.wikia.com/wiki/Kim_Powers,3
Shane,Powers,male,http://survivor.wikia.com/wiki/Shane_Powers,12
Matt,Quinlan,male,http://survivor.wikia.com/wiki/Matt_Quinlan,24
Brandon,Quinton,male,http://survivor.wikia.com/wiki/Brandon_Quinton,3
Katrina,Radke,female,http://survivor.wikia.com/wiki/Katrina_Radke,35
Ibrehem,Rahman,male,http://survivor.wikia.com/wiki/Ibrehem_Rahman,10
Penny,Ramsey,female,http://survivor.wikia.com/wiki/Penny_Ramsey,5
John,Raymond,male,http://survivor.wikia.com/wiki/John_Raymond,5
Sean,Rector,male,http://survivor.wikia.com/wiki/Sean_Rector,4
Sierra,Reed,female,http://survivor.wikia.com/wiki/Sierra_Reed,18
Erik,Reichenbach,male,http://survivor.wikia.com/wiki/Erik_Reichenbach,16
Erik,Reichenbach,male,http://survivor.wikia.com/wiki/Erik_Reichenbach,26
Rocky,Reid,male,http://survivor.wikia.com/wiki/Rocky_Reid,14
Aaron,Reisberger,male,http://survivor.wikia.com/wiki/Aaron_Reisberger,15
Kelly,Remington,female,http://survivor.wikia.com/wiki/Kelly_Remington,30
Caleb,Reynolds,male,http://survivor.wikia.com/wiki/Caleb_Reynolds,32
Caleb,Reynolds,male,http://survivor.wikia.com/wiki/Caleb_Reynolds,34
Chase,Rice,male,http://survivor.wikia.com/wiki/Chase_Rice,21
Jim,Rice,male,http://survivor.wikia.com/wiki/Jim_Rice,23
Lindsey,Richter,female,http://survivor.wikia.com/wiki/Lindsey_Richter,3
Morgan,Ricke,female,http://survivor.wikia.com/wiki/Morgan_Ricke,36
Lauren,Rimmer,female,http://survivor.wikia.com/wiki/Lauren_Rimmer,35
Carolyn,Rivera,female,http://survivor.wikia.com/wiki/Carolyn_Rivera,30
Edgardo,Rivera,male,http://survivor.wikia.com/wiki/Edgardo_Rivera,14
Burton,Roberts,male,http://survivor.wikia.com/wiki/Burton_Roberts,7
Troyzan,Robertson,male,http://survivor.wikia.com/wiki/Troyzan_Robertson,24
Troyzan,Robertson,male,http://survivor.wikia.com/wiki/Troyzan_Robertson,34
Anthony,Robinson,male,http://survivor.wikia.com/wiki/Anthony_Robinson,14
Cliff,Robinson,male,http://survivor.wikia.com/wiki/Cliff_Robinson,28
Jaison,Robinson,male,http://survivor.wikia.com/wiki/Jaison_Robinson,19
John,Rocker,male,http://survivor.wikia.com/wiki/John_Rocker,29
Ted,Rogers Jr.,male,http://survivor.wikia.com/wiki/Ted_Rogers,5
Yve,Rojas,female,http://survivor.wikia.com/wiki/Yve_Rojas,21
Alicia,Rosa,female,http://survivor.wikia.com/wiki/Alicia_Rosa,24
Ian,Rosenberger,male,http://survivor.wikia.com/wiki/Ian_Rosenberger,10
R.C.,Saint-Amour,female,http://survivor.wikia.com/wiki/R.C._Saint-Amour,25
Travis,Sampson,male,http://survivor.wikia.com/wiki/Travis_Sampson,9
David,Samson,male,http://survivor.wikia.com/wiki/David_Samson,28
Mary,Sartain,female,http://survivor.wikia.com/wiki/Mary_Sartain,16
Andrew,Savage,male,http://survivor.wikia.com/wiki/Andrew_Savage,7
Andrew,Savage,male,http://survivor.wikia.com/wiki/Andrew_Savage,31
Tina,Scheer,female,http://survivor.wikia.com/wiki/Tina_Scheer,12
Michelle,Schubert,female,http://survivor.wikia.com/wiki/Michelle_Schubert,33
Jaclyn,Schultz,female,http://survivor.wikia.com/wiki/Jaclyn_Schultz,29
Sally,Schumann,female,http://survivor.wikia.com/wiki/Sally_Schumann,12
Judd,Sergeant,male,http://survivor.wikia.com/wiki/Judd_Sergeant,11
Roger,Sexton,male,http://survivor.wikia.com/wiki/Roger_Sexton,6
Parvati,Shallow,female,http://survivor.wikia.com/wiki/Parvati_Shallow,13
Parvati,Shallow,female,http://survivor.wikia.com/wiki/Parvati_Shallow,16
Parvati,Shallow,female,http://survivor.wikia.com/wiki/Parvati_Shallow,20
Brendan,Shapiro,male,http://survivor.wikia.com/wiki/Brendan_Shapiro,36
Hannah,Shapiro,female,http://survivor.wikia.com/wiki/Hannah_Shapiro,33
Kelly,Sharbaugh,female,http://survivor.wikia.com/wiki/Kelly_Sharbaugh,19
Phillip,Sheppard,male,http://survivor.wikia.com/wiki/Phillip_Sheppard,22
Phillip,Sheppard,male,http://survivor.wikia.com/wiki/Phillip_Sheppard,26
Christine,Shields-Markoski,female,http://survivor.wikia.com/wiki/Christine_Shields_Markoski,23
Kelly,Shinn,female,http://survivor.wikia.com/wiki/Kelly_Shinn,21
Wanda,Shirk,female,http://survivor.wikia.com/wiki/Wanda_Shirk,10
Ryan,Shoulders,male,http://survivor.wikia.com/wiki/Ryan_Shoulders,7
Artis,Silvester,male,http://survivor.wikia.com/wiki/Artis_Silvester,25
Jerry,Sims,male,http://survivor.wikia.com/wiki/Jerry_Sims,18
Will,Sims II,male,http://survivor.wikia.com/wiki/Will_Sims_II,30
Jason,Siska,male,http://survivor.wikia.com/wiki/Jason_Siska,16
Michael,Skupin,male,http://survivor.wikia.com/wiki/Michael_Skupin,2
Michael,Skupin,male,http://survivor.wikia.com/wiki/Michael_Skupin,25
Leann,Slaby,female,http://survivor.wikia.com/wiki/Leann_Slaby,9
Kathy,Sleckman,female,http://survivor.wikia.com/wiki/Kathy_Sleckman,16
Vince,Sly,male,http://survivor.wikia.com/wiki/Vince_Sly,30
Candace,Smith,female,http://survivor.wikia.com/wiki/Candace_Smith,18
Christy,Smith,female,http://survivor.wikia.com/wiki/Christy_Smith,6
Jessica,Smith,female,http://survivor.wikia.com/wiki/Jessica_Smith,13
Susie,Smith,female,http://survivor.wikia.com/wiki/Susie_Smith,17
Tarzan,Smith,male,http://survivor.wikia.com/wiki/Tarzan_Smith,24
Willard,Smith,male,http://survivor.wikia.com/wiki/Willard_Smith,10
Zeke,Smith,male,http://survivor.wikia.com/wiki/Zeke_Smith,33
Zeke,Smith,male,http://survivor.wikia.com/wiki/Zeke_Smith,34
Michael,Snow,male,http://survivor.wikia.com/wiki/Michael_Snow,26
Julia,Sokolowski,female,http://survivor.wikia.com/wiki/Julia_Sokolowski,32
Paloma,Soto-Castillo,female,http://survivor.wikia.com/wiki/Paloma_Soto-Castillo,17
Joaquin,Souberbielle,male,http://survivor.wikia.com/wiki/Joaquin_Souberbielle,30
Linda,Spencer,female,http://survivor.wikia.com/wiki/Linda_Spencer,3
Kim,Spradlin,female,http://survivor.wikia.com/wiki/Kim_Spradlin,24
Ken,Stafford,male,http://survivor.wikia.com/wiki/Ken_Stafford,5
Nick,Stanbury,male,http://survivor.wikia.com/wiki/Nick_Stanbury,12
Denise,Stapley,female,http://survivor.wikia.com/wiki/Denise_Stapley,25
Jay,Starrett,male,http://survivor.wikia.com/wiki/Jay_Starrett,33
Stacey,Stillman,female,http://survivor.wikia.com/wiki/Stacey_Stillman,1
Taylor,Stocker,male,http://survivor.wikia.com/wiki/Taylor_Stocker,33
Gary,Stritesky,male,http://survivor.wikia.com/wiki/Gary_Stritesky,14
Heidi,Strobel,female,http://survivor.wikia.com/wiki/Heidi_Strobel,6
Brooke,Struck,female,http://survivor.wikia.com/wiki/Brooke_Struck,11
Russell,Swan,male,http://survivor.wikia.com/wiki/Russell_Swan,19
Russell,Swan,male,http://survivor.wikia.com/wiki/Russell_Swan,25
Brendan,Synnott,female,http://survivor.wikia.com/wiki/Brendan_Synnott,18
Semhar,Tadesse,female,http://survivor.wikia.com/wiki/Semhar_Tadesse,23
Mari,Takahashi,female,http://survivor.wikia.com/wiki/Mari_Takahashi,33
Twila,Tanner,female,http://survivor.wikia.com/wiki/Twila_Tanner,9
Jimmy,Tarantino,male,http://survivor.wikia.com/wiki/Jimmy_Tarantino,21
CeCe,Taylor,female,http://survivor.wikia.com/wiki/CeCe_Taylor,33
J'Tia,Taylor,female,http://survivor.wikia.com/wiki/J%27Tia_Taylor,28
Osten,Taylor,male,http://survivor.wikia.com/wiki/Osten_Taylor,7
Natalie,Tenerelli,female,http://survivor.wikia.com/wiki/Natalie_Tenerelli,22
Michelle,Tesauro,female,http://survivor.wikia.com/wiki/Michelle_Tesauro,7
J.T.,Thomas,male,http://survivor.wikia.com/wiki/J.T._Thomas,18
J.T.,Thomas,male,http://survivor.wikia.com/wiki/J.T._Thomas,20
J.T.,Thomas,male,http://survivor.wikia.com/wiki/J.T._Thomas,34
Shamar,Thomas,male,http://survivor.wikia.com/wiki/Shamar_Thomas,26
Sierra,Thomas,female,http://survivor.wikia.com/wiki/Sierra_Thomas,30
Sierra,Thomas,female,http://survivor.wikia.com/wiki/Sierra_Thomas,34
Sabrina,Thompson,female,http://survivor.wikia.com/wiki/Sabrina_Thompson,24
Reynold,Toepfer,male,http://survivor.wikia.com/wiki/Reynold_Toepfer,26
Keith,Tollefson,male,http://survivor.wikia.com/wiki/Keith_Tollefson,23
Janu,Tornell,female,http://survivor.wikia.com/wiki/Janu_Tornell,10
Vecepia,Towery,female,http://survivor.wikia.com/wiki/Vecepia_Towery,4
Chelsea,Townsend,female,http://survivor.wikia.com/wiki/Chelsea_Townsend,36
Blake,Towsley,male,http://survivor.wikia.com/wiki/Blake_Towsley,11
Ashley,Trainer,female,http://survivor.wikia.com/wiki/Ashley_Trainer,19
Tai,Trang,male,http://survivor.wikia.com/wiki/Tai_Trang,32
Tai,Trang,male,http://survivor.wikia.com/wiki/Tai_Trang,34
Mick,Trimming,male,http://survivor.wikia.com/wiki/Mick_Trimming,19
Ryan,Ulrich,male,http://survivor.wikia.com/wiki/Ryan_Ulrich,35
Elyse,Umemoto,female,http://survivor.wikia.com/wiki/Elyse_Umemoto,23
Ashley,Underwood,female,http://survivor.wikia.com/wiki/Ashley_Underwood,22
Stephanie,Valencia,female,http://survivor.wikia.com/wiki/Stephanie_Valencia,22
Lex,van den Berghe,male,http://survivor.wikia.com/wiki/Lex_van_den_Berghe,3
Lex,van den Berghe,male,http://survivor.wikia.com/wiki/Lex_van_den_Berghe,8
Tanya,Vance,female,http://survivor.wikia.com/wiki/Tanya_Vance,5
Brianna,Varela,female,http://survivor.wikia.com/wiki/Brianna_Varela,11
Jeff,Varner,male,http://survivor.wikia.com/wiki/Jeff_Varner,2
Jeff,Varner,male,http://survivor.wikia.com/wiki/Jeff_Varner,31
Jeff,Varner,male,http://survivor.wikia.com/wiki/Jeff_Varner,34
Kathy,Vavrick-O'Brien,female,http://survivor.wikia.com/wiki/Kathy_Vavrick-O%27Brien,4
Kathy,Vavrick-O'Brien,female,http://survivor.wikia.com/wiki/Kathy_Vavrick-O%27Brien,8
Rita,Verreos,female,http://survivor.wikia.com/wiki/Rita_Verreos,14
Libby,Vincek,female,http://survivor.wikia.com/wiki/Libby_Vincek,36
Brad,Virata,male,http://survivor.wikia.com/wiki/Brad_Virata,13
Tony,Vlachos,male,http://survivor.wikia.com/wiki/Tony_Vlachos,28
Tony,Vlachos,male,http://survivor.wikia.com/wiki/Tony_Vlachos,34
Matthew,von Ertfelda,male,http://survivor.wikia.com/wiki/Matthew_von_Ertfelda,6
Paul,Wachter,male,http://survivor.wikia.com/wiki/Paul_Wachter,33
Coach,Wade,male,http://survivor.wikia.com/wiki/Coach_Wade,18
Coach,Wade,male,http://survivor.wikia.com/wiki/Coach_Wade,20
Coach,Wade,male,http://survivor.wikia.com/wiki/Coach_Wade,23
Will,Wahl,male,http://survivor.wikia.com/wiki/Will_Wahl,33
Debbie,Wanner,female,http://survivor.wikia.com/wiki/Debbie_Wanner,32
Debbie,Wanner,female,http://survivor.wikia.com/wiki/Debbie_Wanner,34
Joanna,Ward,female,http://survivor.wikia.com/wiki/Joanna_Ward,6
Shambo,Waters,female,http://survivor.wikia.com/wiki/Shambo_Waters,19
Chet,Welch,male,http://survivor.wikia.com/wiki/Chet_Welch,16
Dale,Wentworth,male,http://survivor.wikia.com/wiki/Dale_Wentworth,29
Kelley,Wentworth,female,http://survivor.wikia.com/wiki/Kelley_Wentworth,29
Kelley,Wentworth,female,http://survivor.wikia.com/wiki/Kelley_Wentworth,31
Tina,Wesson,female,http://survivor.wikia.com/wiki/Tina_Wesson,2
Tina,Wesson,female,http://survivor.wikia.com/wiki/Tina_Wesson,8
Tina,Wesson,female,http://survivor.wikia.com/wiki/Tina_Wesson,27
Tom,Westman,male,http://survivor.wikia.com/wiki/Tom_Westman,10
Tom,Westman,male,http://survivor.wikia.com/wiki/Tom_Westman,20
Sydney,Wheeler,female,http://survivor.wikia.com/wiki/Sydney_Wheeler,18
Lisa,Whelchel,female,http://survivor.wikia.com/wiki/Lisa_Whelchel,25
Natalie,White,female,http://survivor.wikia.com/wiki/Natalie_White,19
Sarita,White,female,http://survivor.wikia.com/wiki/Sarita_White,22
Matty,Whitmore,male,http://survivor.wikia.com/wiki/Matty_Whitmore,17
Kelly,Wiglesworth,female,http://survivor.wikia.com/wiki/Kelly_Wiglesworth,1
Kelly,Wiglesworth,female,http://survivor.wikia.com/wiki/Kelly_Wiglesworth,31
Carter,Williams,male,http://survivor.wikia.com/wiki/Carter_Williams,25
Desi,Williams,female,http://survivor.wikia.com/wiki/Desi_Williams,35
Alina,Wilson,female,http://survivor.wikia.com/wiki/Alina_Wilson,21
Baylor,Wilson,female,http://survivor.wikia.com/wiki/Baylor_Wilson,29
Jeff,Wilson,male,http://survivor.wikia.com/wiki/Jeff_Wilson,10
Mikayla,Wingle,female,http://survivor.wikia.com/wiki/Mikayla_Wingle,23
Julie,Wolfe,female,http://survivor.wikia.com/wiki/Julie_Wolfe,22
Jeremiah,Wood,male,http://survivor.wikia.com/wiki/Jeremiah_Wood,28
Candice,Woodcock,female,http://survivor.wikia.com/wiki/Candice_Woodcock,13
Candice,Woodcock,female,http://survivor.wikia.com/wiki/Candice_Woodcock,20
Candice,Woodcock,female,http://survivor.wikia.com/wiki/Candice_Woodcock,27
David,Wright,male,http://survivor.wikia.com/wiki/David_Wright,33
Steve,Wright,male,http://survivor.wikia.com/wiki/Steve_Wright,22
Courtney,Yates,female,http://survivor.wikia.com/wiki/Courtney_Yates,15
Courtney,Yates,female,http://survivor.wikia.com/wiki/Courtney_Yates,20
Michael,Yerger,male,http://survivor.wikia.com/wiki/Michael_Yerger,36
Michelle,Yi,female,http://survivor.wikia.com/wiki/Michelle_Yi,14
Pete,Yurkowski,male,http://survivor.wikia.com/wiki/Pete_Yurkowski,25
Mike,Zahalsky,male,http://survivor.wikia.com/wiki/Mike_Zahalsky,35
Zoe,Zanidakis,female,http://survivor.wikia.com/wiki/Zoe_Zanidakis,4
Robb,Zbacnik,male,http://survivor.wikia.com/wiki/Robb_Zbacnik,5
Frosti,Zernow,male,http://survivor.wikia.com/wiki/Frosti_Zernow,15
Ethan,Zohn,male,http://survivor.wikia.com/wiki/Ethan_Zohn,3
Ethan,Zohn,male,http://survivor.wikia.com/wiki/Ethan_Zohn,8
